sourceTypeHourFraction,linkID,sourceTypeID
1.0,9450,21
1.0,11049,21
0.9347826086956633,11388,21
0.06521739130433755,11388,32
1.0,9348,21
0.9387755102040968,11414,21
0.06122448979590362,11414,32
1.0,9408,21
0.9647058823529394,11360,21
0.03529411764706034,11360,32
1.0,9163,21
0.9909909909909786,11361,21
0.009009009009022075,11361,32
0.9908789386401335,10319,21
0.00912106135986648,10319,32
0.9854368932038834,11342,21
0.014563106796117362,11342,32
1.0,10699,21
0.9999999999999993,11362,21
1.0,10374,21
0.9772727272727503,24316,21
0.02272727272724971,24316,32
1.0,10372,21
0.9411764705882575,10800,21
0.058823529411742674,10800,32
0.942857142857071,8126,21
0.05714285714292916,8126,32
0.956521739130453,10799,21
0.043478260869547175,10799,32
0.9679999999999915,8431,21
0.03200000000000844,8431,32
0.8606965174129417,23768,21
0.13930348258705816,23768,32
0.8999999999999999,19792,21
0.1,19792,32
1.0,9066,21
0.8809523809523672,10795,21
0.11904761904763352,10795,32
1.0,8121,21
0.9547703432363641,10292,21
0.04522965676363592,10292,32
0.9787234042553173,11759,21
0.02127659574468127,11759,32
0.9439579684763575,10131,21
0.05604203152364049,10131,32
0.9307359307359663,11256,21
0.06926406926403704,11256,32
0.9318181818181812,8733,21
0.0681818181818188,8733,32
0.9508196721311454,11756,21
0.04918032786885245,11756,32
0.9521739130434467,10128,21
0.04782608695655372,10128,32
0.9561403508771941,11835,21
0.04385964912280457,11835,32
0.9583333333333311,10283,21
0.04166666666666666,10283,32
0.9650085763293317,10136,21
0.034991423670668244,10136,32
0.9649334945586502,10138,21
0.03506650544134978,10138,32
0.9647058823529399,12061,21
0.03529411764705884,12061,32
0.9612277867528289,10736,21
0.038772213247171027,10736,32
0.932461873638363,18184,21
0.06753812636163727,18184,32
0.9625668449197802,10142,21
0.03743315508021984,10142,32
0.9560439560439231,11295,21
0.04395604395607603,11295,32
0.9608843537415014,9132,21
0.03911564625849864,9132,32
0.9669421487603294,11301,21
0.03305785123966842,11301,32
0.9654576856649404,9146,21
0.03454231433505958,9146,32
0.9674796747967507,11216,21
0.03252032520324722,11216,32
0.9644825474586664,8930,21
0.03551745254133365,8930,32
0.9677419354838741,11177,21
0.03225806451612383,11177,32
0.9685147159479839,9173,21
0.031485284052016116,9173,32
0.9590643274853508,11336,21
0.04093567251464763,11336,32
0.9650894402769763,9169,21
0.034910559723023725,9169,32
0.9557522123893704,11321,21
0.04424778761063052,11321,32
0.9695268644747381,8823,21
0.030473135525261905,8823,32
0.9763779527559103,10917,21
0.02362204724409157,10917,32
0.9884297520661187,8786,21
0.01157024793388129,8786,32
0.925925925925946,11239,21
0.07407407407405625,11239,32
1.0,9004,21
0.9622641509433713,10759,21
0.037735849056626664,10759,32
0.9999999999999996,8058,21
0.9631901840490603,10761,21
0.03680981595093785,10761,32
0.9999999999999997,8065,21
0.9192546583850885,11347,21
0.08074534161491202,11347,32
1.0,8784,21
0.8832335329341504,11246,21
0.11676646706585084,11246,32
0.9166666666666685,9021,21
0.08333333333333154,9021,32
0.9705882352941241,11454,21
0.029411764705875275,11454,32
0.9172413793103378,9485,21
0.08275862068966221,9485,32
0.9516129032258286,10782,21
0.04838709677417085,10782,32
1.0,8108,21
0.9879518072289167,11355,21
0.012048192771082225,11355,32
1.0,9267,21
1.0000000000000007,11356,21
0.9999999999999999,9270,21
0.9999999999999999,11886,21
1.0,10386,21
0.9117647058823036,11357,21
0.0882352941176961,11357,32
0.9090909090909579,9271,21
0.09090909090904206,9271,32
0.9411764705882437,11346,21
0.05882352941175634,11346,32
0.9411764705882648,11345,21
0.05882352941173536,11345,32
0.9230769230769298,9237,21
0.0769230769230702,9237,32
0.9166666666667007,19856,21
0.08333333333329965,19856,32
0.8873239436619804,9219,21
0.1126760563380196,9219,32
0.9454545454545564,19845,21
0.05454545454544375,19845,32
0.8355555555555569,9225,21
0.164444444444443,9225,32
1.0000000000000002,11907,21
0.8285714285714749,10426,21
0.17142857142852502,10426,32
0.9047619047619299,11394,21
0.09523809523807049,11394,32
0.823529411764745,9361,21
0.1764705882352552,9361,32
1.0,10052,21
1.0000000000000004,11916,21
1.0,10449,21
1.0000000000000004,12060,21
1.0,10730,21
0.8522727272727387,10957,21
0.14772727272726138,10957,32
0.9214046822742478,10054,21
0.07859531772575222,10054,32
0.9029126213592409,12045,21
0.09708737864075785,12045,32
0.9269406392694169,11370,21
0.07305936073058329,11370,32
1.0,10705,21
0.9827586206896632,10866,21
0.017241379310336178,10866,32
1.0,10056,21
0.9795918367347013,11723,21
0.02040816326529855,11723,32
1.0,10059,21
0.9743589743589889,11725,21
0.025641025641011284,11725,32
1.0,10063,21
0.9411764705881349,11149,21
0.05882352941186541,11149,32
1.0000000000000002,8793,21
1.0000000000000002,18723,21
0.9607843137254937,18720,21
0.03921568627450632,18720,32
1.0,10181,21
0.9354838709677573,11147,21
0.06451612903224291,11147,32
1.0000000000000002,8788,21
0.9354838709677649,11787,21
0.06451612903223534,11787,32
1.0,10180,21
0.8787878787879992,11784,21
0.12121212121200094,11784,32
0.7849462365591334,10172,21
0.21505376344086652,10172,32
0.8823529411764892,11827,21
0.11764705882351051,11827,32
1.0,10261,21
1.0,11223,21
0.9999999999999999,8972,21
0.9999999999999999,10893,21
1.0,8292,21
0.6382978723406066,9002,21
0.3617021276593933,9002,32
0.8461538461538459,11236,21
0.15384615384615383,11236,32
0.7499999999999999,9001,21
0.25,9001,32
0.7500000000001136,11976,21
0.2499999999998863,11976,32
0.6842105263155527,10568,21
0.3157894736844473,10568,32
0.9090909090909842,11225,21
0.09090909090901572,11225,32
0.8571428571427552,8990,21
0.14285714285724493,8990,32
0.9250000000000596,11217,21
0.07499999999994088,11217,32
0.9534883720930097,8975,21
0.046511627906990274,8975,32
0.9500000000000093,11798,21
0.0499999999999909,11798,32
0.9166666666666664,10201,21
0.08333333333333333,10201,32
0.931034482758677,10200,21
0.06896551724132308,10200,32
0.909090909090909,11978,21
0.09090909090909091,11978,32
0.8571428571428572,10574,21
0.14285714285714288,10574,32
0.9189189189189803,11194,21
0.08108108108101995,11194,32
0.9230769230768237,8922,21
0.07692307692317647,8922,32
0.8684843624699305,10217,21
0.13151563753006945,10217,32
0.9342723004695,11444,21
0.06572769953049963,11444,32
0.9570354457572503,8560,21
0.04296455424274973,8560,32
0.9750000000000004,11196,21
0.024999999999999425,11196,32
0.9346846846846821,10434,21
0.0653153153153179,10434,32
0.9776536312849254,11408,21
0.02234636871507498,11408,32
0.5845070422535148,9394,21
0.4154929577464852,9394,32
0.9745222929936419,11419,21
0.02547770700635874,11419,32
0.9833333333333321,10168,21
0.01666666666666793,10168,32
0.993788819875755,11409,21
0.006211180124244197,11409,32
0.9763779527559022,10480,21
0.023622047244097777,10480,32
0.9618874773139716,11410,21
0.038112522686028744,11410,32
0.9768518518518524,9940,21
0.023148148148147637,9940,32
0.959731543624177,11292,21
0.04026845637582569,11292,32
0.9308510638297752,9876,21
0.06914893617022477,9876,32
0.9662162162162192,11649,21
0.03378378378377893,11649,32
0.9646539027982305,10024,21
0.035346097201769545,10024,32
0.9788235294117787,11248,21
0.02117647058822374,11248,32
0.9554494828957846,9885,21
0.044550517104215405,9885,32
0.9688073394495528,11642,21
0.0311926605504487,11642,32
0.9800190294957151,9886,21
0.01998097050428494,9886,32
0.9405204460966646,11183,21
0.059479553903337604,11183,32
0.9837373045049522,9806,21
0.01626269549504773,9806,32
0.9499999999999984,11833,21
0.05000000000000001,11833,32
0.9512195121951206,11762,21
0.04878048780487806,11762,32
1.0,8884,21
0.9636363636364147,11199,21
0.036363636363585264,11199,32
1.0,8912,21
0.981132075471706,10760,21
0.01886792452829412,10760,32
1.0,10191,21
0.9647887323943662,11282,21
0.035211267605633347,11282,32
1.0,20290,21
0.8913043478261068,11984,21
0.10869565217389375,11984,32
1.0,10586,21
0.9047619047619638,11656,21
0.09523809523803647,11656,32
1.0,8091,21
1.0,11354,21
1.0,9261,21
1.0,8426,21
1.0,10962,21
1.0,8421,21
1.0,10961,21
1.0,8420,21
1.0,11363,21
1.0,9458,21
0.9793046357615898,10322,21
0.020695364238410174,10322,32
0.9866666666666749,11365,21
0.013333333333324603,11365,32
0.9964002879769619,9381,21
0.0035997120230380837,9381,32
0.9254658385093455,11129,21
0.07453416149065645,11129,32
0.9756097560975563,8741,21
0.024390243902443758,8741,32
0.8450704225352408,11434,21
0.15492957746475883,11434,32
0.9457013574660669,8496,21
0.054298642533933114,8496,32
0.925925925925926,12042,21
0.07407407407407411,12042,32
0.9500000000000001,10696,21
0.04999999999999999,10696,32
0.9411764705882332,11378,21
0.0588235294117663,11378,32
0.9543147208121766,9550,21
0.04568527918782335,9550,32
0.916666666666623,11500,21
0.08333333333337653,11500,32
0.903669724770664,8486,21
0.09633027522933599,8486,32
0.9577464788732241,11505,21
0.04225352112677509,11505,32
0.9375,9567,21
0.06250000000000001,9567,32
0.9464285714285584,11498,21
0.05357142857143972,11498,32
0.9534883720930434,9572,21
0.04651162790695658,9572,32
0.9259259259259297,11499,21
0.07407407407406907,11499,32
0.9869938650306744,9554,21
0.013006134969325527,9554,32
0.9460784313725658,11323,21
0.05392156862743603,11323,32
0.9775880469583836,8555,21
0.02241195304161631,8555,32
0.9481132075471742,11508,21
0.05188679245282685,11508,32
0.9780219780219765,9574,21
0.021978021978021983,9574,32
0.9430894308942877,11934,21
0.056910569105713876,11934,32
0.9830508474576242,8727,21
0.01694915254237579,8727,32
0.9610389610389679,11305,21
0.038961038961035394,11305,32
0.9782853390863882,8781,21
0.021714660913611898,8781,32
1.0,9364,21
1.0,9363,21
1.0,10425,21
1.0,9342,21
0.9510489510489518,19851,21
0.048951048951047876,19851,32
1.0000000000000004,19853,21
1.0,9221,21
1.0000000000000002,11389,21
1.0,9352,21
0.9999999999999999,11908,21
1.0,10428,21
0.9999999999999999,11912,21
1.0,11380,21
1.0,9330,21
0.9999999999999999,11381,21
0.9999999999999999,11914,21
1.0,10444,21
0.9999999999999999,11913,21
1.0,10441,21
0.9999999999999999,11911,21
0.9999999999999999,10435,21
0.9999999999999999,19870,21
1.0,19868,21
1.0,19871,21
1.0,10475,21
0.9999999999999997,11286,21
1.0,9405,21
1.0,9099,21
0.9583333333332997,8076,21
0.04166666666670062,8076,32
0.9812382739212007,8913,21
0.018761726078799293,8913,32
0.9654605263157946,10524,21
0.03453947368420544,10524,32
0.9867867867867879,8824,21
0.013213213213212099,8824,32
0.9315476190476291,9170,21
0.06845238095237108,9170,32
0.9310747663551386,25189,21
0.06892523364486132,25189,32
0.9304029304029292,9147,21
0.06959706959707085,9147,32
0.9244604316546636,10143,21
0.07553956834533633,10143,32
0.9361702127659605,18186,21
0.06382978723404012,18186,32
0.9843400447427286,10118,21
0.015659955257271378,10118,32
0.9096385542168866,11209,21
0.09036144578311275,11209,32
0.9423076923076951,9149,21
0.05769230769230489,9149,32
0.9516129032258088,11318,21
0.04838709677419073,11318,32
0.9711934156378678,10129,21
0.028806584362132216,10129,32
0.9409352978859726,10291,21
0.05906470211402742,10291,32
0.9851545078050337,9803,21
0.014845492194966245,9803,32
0.9861111111111114,11601,21
0.013888888888886433,11601,32
0.9916434540389916,9794,21
0.00835654596100939,9794,32
0.9606661941885193,8878,21
0.03933380581148067,8878,32
0.9719953325554272,9882,21
0.0280046674445727,9882,32
0.9283018867924543,10543,21
0.07169811320754568,10543,32
0.933333333333355,11638,21
0.06666666666664404,11638,32
0.929602888086634,8736,21
0.07039711191336598,8736,32
0.93750000000001,18414,21
0.06249999999998935,18414,32
0.9272727272727446,10535,21
0.0727272727272556,10535,32
0.9200000000000059,11960,21
0.07999999999999419,11960,32
0.9285714285713969,10536,21
0.07142857142860312,10536,32
0.9292640132976282,8780,21
0.07073598670237181,8780,32
0.9212730318257902,8729,21
0.07872696817420977,8729,32
0.9250000000000002,11509,21
0.07499999999999771,11509,32
0.9314285714286257,9577,21
0.06857142857137387,9577,32
0.9243697478991673,10482,21
0.07563025210083109,10482,32
0.9114583333333192,8556,21
0.08854166666668088,8556,32
0.93258426966292,11937,21
0.06741573033707866,11937,32
0.9314641744548277,10489,21
0.0685358255451724,10489,32
0.9241706161137427,9627,21
0.07582938388625723,9627,32
0.9556962025316518,11522,21
0.04430379746834628,11522,32
0.9409282700421983,9616,21
0.05907172995780174,9616,32
0.9573170731707217,11948,21
0.042682926829276276,11948,32
0.9222614840989408,8725,21
0.07773851590105918,8725,32
0.9480519480519545,11510,21
0.05194805194804596,11510,32
0.9401330376940084,9647,21
0.05986696230599166,9647,32
0.9503546099290786,11849,21
0.049645390070919435,11849,32
0.9363449691991814,10310,21
0.06365503080081854,10310,32
0.9509202453987653,11536,21
0.04907975460123279,11536,32
0.9087221095334689,9648,21
0.0912778904665311,9648,32
0.9527559055117926,17960,21
0.04724409448820544,17960,32
0.9324324324324315,17961,21
0.06756756756756759,17961,32
0.9312567132115991,17959,21
0.06874328678840073,17959,32
0.9536423841059741,9062,21
0.04635761589402587,9062,32
0.9545454545454669,11110,21
0.045454545454531835,11110,32
1.0,10326,21
0.8761061946902914,12021,21
0.12389380530970864,12021,32
1.0,8191,21
0.8956521739130826,11023,21
0.10434782608691677,11023,32
1.0,25031,21
1.0000000000000002,9618,21
1.0,8822,21
0.9904912836766976,11514,21
0.00950871632330238,11514,32
1.0000000000000002,9591,21
1.0000000000000002,8890,21
0.9999999999999996,11443,21
1.0,9494,21
0.9999999999999999,11070,21
1.0,8628,21
0.9615384615384309,11171,21
0.038461538461568516,11171,32
0.9333333333333331,11017,21
0.06666666666666665,11017,32
0.8902953586498201,8515,21
0.10970464135017988,8515,32
1.0,9138,21
0.7142857142857884,11298,21
0.2857142857142114,11298,32
1.0,9139,21
0.8518518518517673,11296,21
0.148148148148233,11296,32
1.0,9136,21
0.8399999999999246,11748,21
0.16000000000007567,11748,32
1.0000000000000002,10117,21
0.9999999999999999,18192,21
1.0,10402,21
0.9999999999999996,9022,21
0.9833333333333324,11956,21
0.016666666666665785,11956,32
1.0,10529,21
0.9809402795425669,10320,21
0.019059720457433114,10320,32
1.0,8738,21
0.945205479452061,11376,21
0.054794520547937105,11376,32
1.0,9321,21
1.0000000000000004,18169,21
0.9617834394904332,18165,21
0.03821656050956731,18165,32
0.941860465116283,18171,21
0.05813953488371603,18171,32
0.7936507936507776,9447,21
0.20634920634922238,9447,32
0.6829268292681923,11407,21
0.31707317073180796,11407,32
0.6216216216215784,9390,21
0.3783783783784216,9390,32
0.9032258064515242,11371,21
0.09677419354847608,11371,32
1.0,9311,21
0.9299999999999773,10132,21
0.07000000000002238,10132,32
0.9411764705882346,11736,21
0.058823529411764726,11736,32
0.9428571428571482,10091,21
0.05714285714285123,10091,32
0.9223300970873786,11733,21
0.07766990291261999,11733,32
0.9433962264151441,10083,21
0.05660377358485588,10083,32
0.8914285714285636,11732,21
0.10857142857143547,11732,32
0.9384615384615327,10081,21
0.06153846153846732,10081,32
0.9292035398230515,11731,21
0.07079646017694713,11731,32
0.9771754636233895,10700,21
0.022824536376610513,10700,32
1.0,10060,21
1.0,11920,21
1.0,10458,21
0.92,17962,21
0.08000000000000002,17962,32
0.9210526315789502,17963,21
0.07894736842104887,17963,32
0.8734977862112557,9693,21
0.12650221378874424,9693,32
0.9372384937238356,11320,21
0.06276150627616489,11320,32
0.9127516778523489,9689,21
0.08724832214765113,9689,32
0.919999999999999,11072,21
0.08000000000000002,11072,32
0.9281437125748528,8632,21
0.071856287425147,8632,32
0.8913043478260744,23604,21
0.10869565217392599,23604,32
0.8888888888888896,23597,21
0.11111111111111116,23597,32
0.9387755102040439,9680,21
0.06122448979595625,9680,32
0.9431818181817849,11552,21
0.05681818181821378,11552,32
0.9431486880466478,9684,21
0.05685131195335229,9684,32
0.9489051094890458,11633,21
0.05109489051095287,11633,32
0.933933933933938,9867,21
0.06606606606606205,9867,32
0.9433962264150799,11763,21
0.05660377358491861,11763,32
0.9205607476635815,10158,21
0.0794392523364185,10158,32
0.9347826086956693,11968,21
0.06521739130432934,11968,32
0.975609756097582,10554,21
0.02439024390241847,10554,32
0.9957264957264963,11924,21
0.004273504273504422,11924,32
0.9638643067846605,10462,21
0.03613569321533952,10462,32
1.0,9208,21
1.0,10476,21
0.9999999999999999,19873,21
0.9999999999999999,19869,21
0.9484536082474275,8339,21
0.05154639175257249,8339,32
0.9857142857142867,11986,21
0.014285714285712433,11986,32
0.974358974358989,10608,21
0.025641025641011294,10608,32
0.9677419354838787,11997,21
0.032258064516121454,11997,32
1.0,24783,21
1.0000000000000002,10648,21
0.9565217391304358,11128,21
0.04347826086956374,11128,32
0.9235668789808913,10689,21
0.07643312101910874,10689,32
0.9607843137254329,11283,21
0.03921568627456716,11283,32
0.8618784530386828,9102,21
0.13812154696131712,9102,32
0.9407407407407086,11127,21
0.059259259259290854,11127,32
0.9200000000000194,8745,21
0.0799999999999806,8745,32
0.9428571428571492,11807,21
0.0571428571428512,11807,32
0.9486301369863166,17772,21
0.051369863013683376,17772,32
0.9487179487179526,17773,21
0.05128205128204769,17773,32
0.9979959919839682,8888,21
0.002004008016032101,8888,32
0.8787878787879014,9592,21
0.12121212121209866,9592,32
0.9943342776203975,12018,21
0.005665722379603253,12018,32
0.9272727272727814,10671,21
0.07272727272721861,10671,32
0.9818652849740754,10838,21
0.018134715025924984,10838,32
0.8523206751054785,9482,21
0.14767932489452157,9482,32
0.9552715654951915,11291,21
0.044728434504808776,11291,32
0.9166666666666664,9124,21
0.08333333333333333,9124,32
0.9912663755458517,11803,21
0.008733624454148438,11803,32
0.9785458879618623,10229,21
0.021454112038137716,10229,32
0.9482200647248888,11932,21
0.05177993527511126,11932,32
1.0000000000000002,10501,21
1.0000000000000002,23439,21
1.0,9478,21
1.0,10213,21
0.9440559440559497,10280,21
0.05594405594405029,10280,32
0.9509803921568825,11740,21
0.049019607843116285,11740,32
0.9451162790697647,24173,21
0.05488372093023529,24173,32
0.9389534883720967,9156,21
0.061046511627903366,9156,32
0.9471947194719355,24382,21
0.0528052805280648,24382,32
0.9354838709677724,9014,21
0.06451612903222777,9014,32
0.947368421052637,11300,21
0.052631578947363374,11300,32
0.9249999999999896,9145,21
0.07500000000001042,9145,32
0.9696969696969794,11830,21
0.030303030303020284,11830,32
0.9219512195121926,10269,21
0.07804878048780736,10269,32
0.9292929292929237,8208,21
0.07070707070707627,8208,32
0.9545454545454645,11829,21
0.045454545454536074,11829,32
0.9411764705882353,10268,21
0.058823529411764705,10268,32
0.9433962264151343,11208,21
0.05660377358486552,11208,32
0.9450549450549363,8935,21
0.05494505494506373,8935,32
0.9655172413793148,11006,21
0.034482758620685325,11006,32
0.9437500000000227,8503,21
0.05624999999997726,8503,32
0.8591022443890378,8549,21
0.1408977556109622,8549,32
1.0,10170,21
0.8387096774194591,11222,21
0.16129032258054105,11222,32
0.8360655737704649,8970,21
0.16393442622953508,8970,32
0.7894736842105515,11218,21
0.21052631578944847,11218,32
0.8095238095238013,8796,21
0.19047619047619874,8796,32
0.8461538461538622,11178,21
0.15384615384613767,11178,32
1.0,8661,21
1.0,23676,21
1.0,8869,21
1.0,8679,21
1.0000000000000002,12053,21
1.0,8301,21
0.969696969696905,10703,21
0.030303030303094055,10703,32
1.0,10183,21
1.0,11148,21
1.0,8791,21
1.0000000000000002,24398,21
1.0,10298,21
0.9999999999999999,11785,21
1.0000000000000002,10174,21
0.9999999999999998,11786,21
1.0,10177,21
0.9285714285714011,24436,21
0.07142857142859928,24436,32
1.0,10253,21
1.0000000000000002,10885,21
0.9999999999999998,8280,21
1.0000000000000002,10886,21
1.0,8284,21
0.9180327868853728,9011,21
0.08196721311462726,9011,32
0.9491525423728809,11073,21
0.05084745762711866,11073,32
0.9344262295082006,8634,21
0.06557377049179931,8634,32
0.9571428571428746,10858,21
0.04285714285712505,10858,32
0.9456869009584581,8230,21
0.05431309904154195,8230,32
0.9278350515463887,24417,21
0.07216494845361086,24417,32
0.8906810035842196,10245,21
0.10931899641578034,10245,32
0.9324324324324469,11818,21
0.06756756756755264,11818,32
0.9089026915113934,10243,21
0.09109730848860667,10243,32
0.9032258064516272,11221,21
0.09677419354837244,11221,32
0.8670520231213975,8967,21
0.13294797687860255,8967,32
0.8902439024389871,8673,21
0.10975609756101294,8673,32
0.9148936170213058,23702,21
0.08510638297869418,23702,32
0.8461538461538463,18005,21
0.15384615384615383,18005,32
0.9210526315789477,9080,21
0.07894736842105263,9080,32
0.9433962264150944,11092,21
0.05660377358490569,11092,32
0.8865979381443222,8674,21
0.11340206185567783,8674,32
0.9491525423728524,10984,21
0.050847457627147395,10984,32
0.9014084507042347,8463,21
0.09859154929576533,8463,32
1.0,8843,21
1.0,8629,21
1.0,8891,21
0.7710843373493916,10207,21
0.22891566265060834,10207,32
0.9636363636363725,10944,21
0.03636363636362735,10944,32
0.8461538461536255,8600,21
0.1538461538463745,8600,32
0.9090909090909393,10816,21
0.09090909090906082,10816,32
0.49999999999954525,10817,21
0.5000000000004547,10817,32
0.44680851063835053,8154,21
0.5531914893616494,8154,32
0.8204334365324981,9192,21
0.17956656346750194,9192,32
0.8953488372093269,9571,21
0.10465116279067307,9571,32
1.0,9553,21
1.0000000000000002,11524,21
1.0,9621,21
1.0,11062,21
1.0,8612,21
1.0000000000000007,9026,21
1.0000000000000002,11159,21
1.0000000000000007,8813,21
1.0,10726,21
1.0,8254,21
1.0000000000000004,10901,21
1.0,8306,21
1.0000000000000004,11989,21
1.0,8517,21
1.0,8314,21
0.9600000000000307,11668,21
0.03999999999996945,11668,32
1.0,9949,21
0.9512195121950893,11659,21
0.04878048780490998,11659,32
0.9510582010581968,8910,21
0.0489417989418032,8910,32
0.9404761904762158,11226,21
0.059523809523784,11226,32
0.9285714285714528,8982,21
0.0714285714285472,8982,32
0.9419642857142796,23664,21
0.058035714285720526,23664,32
0.9538461538461609,10556,21
0.04615384615383842,10556,32
0.9619047619047635,11250,21
0.03809523809523547,11250,32
0.9730256743581404,9065,21
0.02697432564185959,9065,32
1.0,10479,21
1.0,10169,21
1.0,9417,21
0.9999999999999999,12058,21
0.9,11452,21
0.09999999999999998,11452,32
0.9346405228758178,9481,21
0.06535947712418223,9481,32
1.0,8152,21
1.0000000000000002,11172,21
1.0,8846,21
0.9999999999999998,11093,21
1.0000000000000002,8677,21
1.0,23689,21
0.9999999999999999,9073,21
1.0,11271,21
1.0,9076,21
0.9999999999999999,11088,21
1.0,8665,21
1.0,18001,21
1.0000000000000002,18002,21
1.0,9084,21
0.9047619047619054,11091,21
0.09523809523809526,11091,32
1.0,8672,21
1.0,8968,21
0.9285714285714521,10242,21
0.07142857142854822,10242,32
0.9374999999999082,10881,21
0.06250000000009237,10881,32
0.9153046062407199,8272,21
0.08469539375928019,8272,32
1.0,9406,21
1.0,9214,21
1.0,11771,21
1.0,10152,21
0.9999999999999999,8501,21
1.0000000000000002,11496,21
1.0,8695,21
1.0000000000000002,11492,21
1.0,9536,21
0.8791650708540888,9150,21
0.12083492914591118,9150,32
0.9355742296918752,10121,21
0.06442577030812484,10121,32
0.8571428571428154,10123,21
0.14285714285718462,10123,32
0.9718309859154922,18190,21
0.028169014084507057,18190,32
1.0,9322,21
1.0,9404,21
1.0,11382,21
1.0,9335,21
1.0,9561,21
1.0,11495,21
1.0,9543,21
1.0,10110,21
1.0,10104,21
1.0,11838,21
1.0,10289,21
0.7372972972973155,9604,21
0.26270270270268453,9604,32
0.9478260869565217,9865,21
0.05217391304347826,9865,32
0.9999999999999998,9368,21
0.9999999999999998,11396,21
0.9999999999999998,9366,21
1.0,19854,21
0.9999999999999999,19855,21
1.0,9223,21
0.9999999999999999,9238,21
1.0,9245,21
1.0,10383,21
1.0,9233,21
1.0,11894,21
1.0,10400,21
1.0,11392,21
1.0,9357,21
1.0,11341,21
1.0,9232,21
1.0,9468,21
0.9999999999999998,10385,21
1.0000000000000002,9269,21
0.9722222222222212,11352,21
0.02777777777777918,11352,32
1.0,9259,21
1.0,11350,21
1.0,9256,21
0.8364312267657995,10588,21
0.1635687732342005,10588,32
0.7037037037036163,9944,21
0.29629629629638365,9944,32
0.9411764705882636,11287,21
0.05882352941173637,11287,32
0.7878787878788255,9095,21
0.21212121212117455,9095,32
0.9548022598870194,9265,21
0.04519774011298056,9265,32
0.6899224806201463,8110,21
0.3100775193798537,8110,32
0.8333333333331986,11950,21
0.1666666666668014,11950,32
0.9393939393939978,10518,21
0.06060606060600215,10518,32
0.9117647058823746,11358,21
0.08823529411762583,11358,32
0.9221014492753765,9274,21
0.07789855072462347,9274,32
0.9000000000000001,10534,21
0.09999999999999999,10534,32
0.9038461538460761,9880,21
0.09615384615392386,9880,32
0.9687500000000008,18466,21
0.03124999999999882,18466,32
0.8151260504201536,9840,21
0.18487394957984638,9840,32
0.8,11613,21
0.19999999999999993,11613,32
0.7932011331444514,9786,21
0.2067988668555486,9786,32
0.883333333333395,11573,21
0.11666666666660476,11573,32
1.0,9727,21
0.9999999999999998,9730,21
1.0000000000000002,11575,21
1.0,9732,21
1.0000000000000002,11576,21
1.0,9735,21
0.8863636363636371,18150,21
0.11363636363636367,18150,32
0.9200000000000002,10844,21
0.07999999999999999,10844,32
0.898734177215168,8936,21
0.10126582278483198,8936,32
0.9642857142857189,11210,21
0.03571428571428108,11210,32
0.8817518248174802,8941,21
0.1182481751825199,8941,32
1.0,10632,21
1.0,11254,21
1.0,9038,21
1.0000000000000004,10914,21
1.0,8350,21
1.0000000000000004,12012,21
1.0,10634,21
1.0,8611,21
1.0,9622,21
0.759493670886036,9556,21
0.24050632911396402,9556,32
0.9743132698857305,9712,21
0.025686730114269512,9712,32
0.9051094890511122,11565,21
0.09489051094888631,11565,32
0.9753086419753142,9709,21
0.024691358024684713,9709,32
0.868613138686131,23830,21
0.1313868613138703,23830,32
0.9859710653222279,9697,21
0.014028934677772087,9697,32
1.0,10308,21
0.9814814814814865,23380,21
0.018518518518513535,23380,32
0.951456310679619,10509,21
0.04854368932038063,10509,32
0.9818181818181199,11870,21
0.01818181818187982,11870,32
0.9500000000000038,10351,21
0.04999999999999621,10351,32
0.9723756906077325,9649,21
0.027624309392267413,9649,32
0.9840848806366069,9646,21
0.01591511936339308,9646,32
0.9823943661971831,8723,21
0.017605633802816847,8723,32
0.9787234042553196,10513,21
0.021276595744680438,10513,32
1.0,9614,21
1.0,11521,21
1.0,9612,21
1.0,8188,21
0.9374999999999927,11169,21
0.06250000000000709,11169,32
1.0,8837,21
0.9259259259258524,11170,21
0.07407407407414769,11170,32
1.0,8840,21
0.9999999999999999,11677,21
1.0,9990,21
1.0,12026,21
1.0,10824,21
1.0,8166,21
0.9876404494382032,10025,21
0.012359550561796858,10025,32
0.9546827794561945,9875,21
0.04531722054380572,9875,32
1.0,10296,21
0.9999999999999999,10727,21
1.0,8387,21
1.0,10672,21
1.0,9590,21
1.0,10240,21
1.0,8743,21
1.0,9483,21
1.0,8751,21
1.0000000000000002,12008,21
1.0,10628,21
1.0,10607,21
0.8800000000000024,8337,21
0.11999999999999758,8337,32
0.9615384615384696,11964,21
0.0384615384615304,11964,32
0.8333333333333331,10569,21
0.16666666666666666,10569,32
0.9444444444444644,11322,21
0.0555555555555359,11322,32
0.8033240997229638,9190,21
0.19667590027703621,9190,32
1.0,10353,21
0.9999999999999998,24472,21
1.0,19198,21
1.0,10359,21
1.0000000000000002,11541,21
1.0,10378,21
0.9999999999999994,24455,21
1.0,10364,21
1.0000000000000002,10955,21
1.0000000000000002,11108,21
1.0,8708,21
0.9999999999999999,11189,21
0.6666666666662625,8844,21
0.33333333333373755,8844,32
0.7499999999999999,12028,21
0.25,12028,32
0.6885245901642101,10669,21
0.3114754098357899,10669,32
1.0,10065,21
1.0,12034,21
1.0,10679,21
0.8691099476440518,10621,21
0.13089005235594814,10621,32
0.9166666666666275,11056,21
0.08333333333337285,11056,32
0.8431372549019364,8620,21
0.1568627450980637,8620,32
0.925925925925946,11045,21
0.0740740740740541,11045,32
1.0,10337,21
0.9333333333333846,11034,21
0.06666666666661546,11034,32
0.8444444444444152,8811,21
0.15555555555558476,8811,32
0.9285714285714016,11078,21
0.07142857142859813,11078,32
0.8728813559321955,8666,21
0.12711864406780446,8666,32
0.7857142857142854,23599,21
0.21428571428571427,23599,32
0.8292682926829273,23601,21
0.17073170731707318,23601,32
0.9411764705883175,9675,21
0.05882352941168288,9675,32
0.9835834896810506,9691,21
0.016416510318949428,9691,32
0.8875545851528314,9702,21
0.11244541484716863,9702,32
0.9111111111111407,23834,21
0.08888888888886019,23834,32
0.8928571428571429,23835,21
0.10714285714285714,23835,32
0.8176795580110571,23836,21
0.18232044198894293,23836,32
0.761904761904847,9704,21
0.23809523809515287,9704,32
0.795639469543718,8694,21
0.204360530456282,8694,32
1.0,8816,21
0.9607843137255034,11107,21
0.03921568627449652,11107,32
1.0,8706,21
0.8979591836735032,11603,21
0.10204081632649732,11603,32
0.8750000000000285,9822,21
0.12499999999997159,9822,32
0.9117647058824099,11131,21
0.08823529411759042,11131,32
0.8611111111111164,8767,21
0.13888888888888362,8767,32
0.9374999999998878,11455,21
0.06250000000011251,11455,32
0.906542056074766,10734,21
0.09345794392523397,10734,32
0.9472222222222197,9064,21
0.0527777777777803,9064,32
0.950000000000057,9030,21
0.04999999999994316,9030,32
0.8888888888888888,23663,21
0.11111111111111112,23663,32
0.9523809523809855,10560,21
0.04761904761901462,10560,32
0.9274611398963694,8981,21
0.07253886010363063,8981,32
1.0,9926,21
0.9466666666666677,11670,21
0.05333333333333157,11670,32
1.0,10006,21
0.9620253164556528,11697,21
0.03797468354434636,11697,32
1.0,10004,21
0.9610389610389694,11694,21
0.03896103896102977,11694,32
1.0000000000000002,10000,21
0.9610389610389276,11690,21
0.03896103896107149,11690,32
1.0,9993,21
0.9600000000000068,11692,21
0.03999999999999226,11692,32
1.0,9999,21
0.9487179487179701,11715,21
0.05128205128202917,11715,32
1.0,10041,21
1.0,10981,21
1.0,8456,21
0.6666666666666667,11691,21
0.33333333333333337,11691,32
1.0,8547,21
1.0,8468,21
0.9999999999999998,10635,21
1.0000000000000002,11328,21
1.0,9205,21
0.8750000000000582,9240,21
0.12499999999994138,9240,32
0.9014084507042855,8063,21
0.09859154929571394,8063,32
0.9506641366224092,8060,21
0.04933586337759072,8060,32
0.9363636363636476,9189,21
0.06363636363635236,9189,32
0.8928571428571568,11795,21
0.10714285714284325,11795,32
1.0,10199,21
0.9999999999999999,12025,21
1.0,10662,21
1.0,10565,21
1.0000000000000002,11973,21
1.0,10562,21
1.0,23651,21
0.9432989690721532,10464,21
0.056701030927846896,10464,32
0.9560439560439487,10553,21
0.043956043956051315,10553,32
0.9334862385321087,10157,21
0.0665137614678913,10157,32
0.9509803921568647,8052,21
0.049019607843135506,8052,32
0.9666666666667116,12017,21
0.03333333333328837,12017,32
0.9500000000000484,8998,21
0.04999999999995168,8998,32
1.0,18721,21
1.0,24434,21
0.8333333333333234,11230,21
0.16666666666667673,11230,32
0.9436619718309832,10735,21
0.05633802816901679,10735,32
0.9397590361445862,8766,21
0.06024096385541376,8766,32
0.9444444444444559,8759,21
0.055555555555544325,8759,32
0.9166666666666037,9821,21
0.08333333333339649,9821,32
0.9333333333333494,9502,21
0.06666666666665048,9502,32
0.9333333333333654,11461,21
0.06666666666663432,11461,32
0.8999999999999408,9506,21
0.10000000000005911,9506,32
0.9500000000000136,10783,21
0.04999999999998635,10783,32
0.9444444444444445,8093,21
0.05555555555555555,8093,32
0.947368421052652,10784,21
0.05263157894734826,10784,32
0.937777777777697,8097,21
0.06222222222230299,8097,32
1.0,10668,21
1.0,8841,21
1.0,8462,21
1.0,8675,21
0.7500000000000001,9082,21
0.25,9082,32
0.8000000000001456,11097,21
0.1999999999998545,11097,32
0.6923076923076654,8684,21
0.3076923076923346,8684,32
0.8,11136,21
0.2,11136,32
0.6969696969697137,8769,21
0.30303030303028633,8769,32
0.857142857142727,11174,21
0.14285714285727272,11174,32
0.8611111111111339,8854,21
0.13888888888886608,8854,32
0.7878787878788547,8838,21
0.21212121212114532,8838,32
0.7887323943661809,8836,21
0.21126760563381905,8836,32
0.9841269841269846,23719,21
0.015873015873015414,23719,32
0.915662650602374,8831,21
0.08433734939762601,8831,32
0.9677419354838978,11688,21
0.03225806451610253,11688,32
0.91176470588229,25313,21
0.08823529411771,25313,32
0.7647058823529129,8274,21
0.2352941176470871,8274,32
0.8666666666666479,23751,21
0.13333333333335148,23751,32
1.0,19775,21
1.0,25310,21
1.0,8651,21
0.9523809523809598,11252,21
0.0476190476190404,11252,32
1.0,9034,21
0.9999999999999999,11253,21
1.0,9036,21
1.0,9564,21
0.6721311475412964,8279,21
0.3278688524587035,8279,32
0.9230769230769229,10883,21
0.07692307692307691,10883,32
0.5000000000000284,8278,21
0.4999999999999716,8278,32
1.0,10244,21
1.0,10249,21
1.0,8229,21
1.0,8635,21
1.0,9016,21
1.0,9155,21
1.0,10281,21
0.9999999999999999,11760,21
1.0,10135,21
1.0,10130,21
1.0,8391,21
1.0,10947,21
1.0,8389,21
0.9545454545454679,10941,21
0.04545454545453229,10941,32
0.9154929577464852,8373,21
0.08450704225351481,8373,32
0.9583333333333319,10942,21
0.041666666666668246,10942,32
0.9361702127659175,8378,21
0.06382978723408249,8378,32
0.9473684210526316,11364,21
0.05263157894736841,11364,32
1.0,10415,21
1.0,9319,21
0.9465648854961938,10737,21
0.053435114503804546,10737,32
1.0,8978,21
1.0,9768,21
0.9999999999999999,11024,21
1.0,8530,21
1.0,11590,21
1.0,9789,21
1.0,11594,21
1.0,9776,21
0.9999999999999999,11600,21
1.0,9791,21
0.9999999999999999,11595,21
1.0,9780,21
1.0,11608,21
1.0,9808,21
1.0,10929,21
1.0,8357,21
1.0,10927,21
1.0,8354,21
1.0,8552,21
0.5000000000002652,11464,21
0.49999999999973466,11464,32
1.0,23421,21
1.0,8186,21
0.9999999999999998,11175,21
1.0,8857,21
1.0,11202,21
1.0,8919,21
1.0,11010,21
1.0,8509,21
1.0,11013,21
1.0,8510,21
1.0,8937,21
1.0,10266,21
1.0,8209,21
1.0,10270,21
1.0,9144,21
0.8604651162791419,8300,21
0.1395348837208581,8300,32
0.8888888888888888,10897,21
0.11111111111111112,10897,32
0.8260869565217546,8299,21
0.17391304347824538,8299,32
0.8400000000000873,10601,21
0.15999999999991268,10601,32
0.7692307692308337,11173,21
0.2307692307691661,11173,32
0.8541666666666825,8850,21
0.14583333333331755,8850,32
0.5999999999999228,11193,21
0.4000000000000773,11193,32
0.7894736842105667,11991,21
0.21052631578943334,11991,32
0.8214285714283395,10597,21
0.17857142857166058,10597,32
0.8000000000001456,10819,21
0.19999999999985443,10819,32
0.8396226415094313,9427,21
0.16037735849056867,9427,32
0.5,10219,21
0.5,10219,32
0.6000000000000001,12020,21
0.4,12020,32
0.5897435897436226,10211,21
0.4102564102563774,10211,32
1.0,8744,21
1.0,11446,21
1.0,9470,21
0.9999999999999998,11084,21
1.0000000000000002,8657,21
1.0,23738,21
1.0,9476,21
1.0,8654,21
0.9999999999999999,11232,21
1.0,8995,21
1.0,10666,21
1.0,10826,21
1.0,8169,21
0.8333333333333331,9682,21
0.16666666666666666,9682,32
0.9142857142857326,11553,21
0.0857142857142679,11553,32
0.8076923076923066,9688,21
0.19230769230769343,9688,32
0.911111111111179,11631,21
0.08888888888882154,11631,32
0.8623481781376496,9861,21
0.13765182186235034,9861,32
0.8901098901098922,11580,21
0.10989010989010768,11580,32
0.8799753162604199,9741,21
0.12002468373958007,9741,32
1.0,8514,21
1.0,10215,21
1.0,25304,21
0.9999999999999999,8658,21
1.0,25311,21
0.9166666666666667,24415,21
0.08333333333333333,24415,32
1.0,8842,21
0.9459459459459463,9303,21
0.05405405405405405,9303,32
0.9049180327868827,10053,21
0.09508196721311739,10053,32
0.8965517241380376,8410,21
0.10344827586196192,8410,32
0.9444444444444042,11919,21
0.05555555555559487,11919,32
0.9032258064516339,10456,21
0.09677419354836603,10456,32
0.9480519480519152,11717,21
0.05194805194808387,11717,32
0.9251497005988077,10046,21
0.07485029940119231,10046,32
0.9498525073746368,10042,21
0.05014749262536323,10042,32
0.9479553903345658,9998,21
0.052044609665434234,9998,32
0.9569892473118209,10001,21
0.043010752688178985,10001,32
0.9483394833948295,10005,21
0.051660516605170445,10005,32
0.9470499243570372,10022,21
0.05295007564296286,10022,32
0.9388379204892981,9953,21
0.061162079510701926,9953,32
0.9453781512604955,9866,21
0.054621848739504486,9866,32
0.9436619718309095,9683,21
0.056338028169090226,9683,32
0.8846153846153847,23603,21
0.11538461538461538,23603,32
0.9078014184397253,9677,21
0.09219858156027469,9677,32
0.8789473684210459,9479,21
0.12105263157895405,9479,32
0.9330024813895534,8622,21
0.06699751861044655,8622,32
0.9288360941586705,9413,21
0.0711639058413295,9413,32
0.9106598984771584,10694,21
0.08934010152284155,10694,32
0.9459459459459689,18167,21
0.05405405405403015,18167,32
0.9314285714285708,9387,21
0.06857142857142921,9387,32
0.9060367454068259,8737,21
0.09396325459317413,8737,32
0.9698053237981711,10321,21
0.030194676201828877,10321,32
0.968838526912178,9228,21
0.031161473087821998,9228,32
0.9632653061224461,10528,21
0.03673469387755361,10528,32
0.9032727272727247,8785,21
0.09672727272727533,8785,32
1.0,10294,21
1.0,9739,21
1.0,9743,21
0.9535603715170281,9687,21
0.046439628482971874,9687,32
0.9649122807017926,9685,21
0.03508771929820755,9685,32
0.9365079365079376,8810,21
0.06349206349206235,8810,32
0.9473684210526022,10335,21
0.05263157894739781,10335,32
0.7272727272727723,10787,21
0.2727272727272276,10787,32
0.868421052631601,8765,21
0.131578947368399,8765,32
0.8799999999998721,11582,21
0.12000000000012805,11582,32
0.7826086956521976,8761,21
0.21739130434780243,8761,32
0.8762376237623732,8817,21
0.12376237623762673,8817,32
0.9836065573770486,23832,21
0.016393442622950827,23832,32
1.0,10043,21
1.0,10047,21
1.0,10455,21
0.8870967741935311,10701,21
0.11290322580646896,10701,32
0.918674698795179,10077,21
0.08132530120482093,10077,32
1.0,8548,21
1.0,10697,21
1.0,19814,21
1.0,20284,21
1.0,9602,21
1.0,23364,21
1.0,23366,21
1.0,9637,21
1.0,8404,21
0.8861788617886788,10610,21
0.1138211382113212,10610,32
0.9166666666667048,11996,21
0.08333333333329544,11996,32
0.7967032967032949,10606,21
0.20329670329670507,10606,32
1.0000000000000002,9266,21
1.0,10631,21
1.0,8349,21
0.942857142857206,11289,21
0.057142857142793796,11289,32
1.0,9116,21
0.9696969696969701,11730,21
0.030303030303030304,11730,32
1.0,10099,21
0.9594594594594401,11324,21
0.04054054054055964,11324,32
1.0,9198,21
0.970588235294118,11867,21
0.029411764705882353,11867,32
1.0,10368,21
0.8139534883720823,8732,21
0.18604651162791783,8732,32
0.8571428571428941,11866,21
0.14285714285710568,11866,32
0.8536585365851638,10343,21
0.14634146341483611,10343,32
1.0,8699,21
0.7443090365601279,10711,21
0.2556909634398721,10711,32
1.0,8587,21
1.0,8109,21
1.0,9487,21
1.0,8141,21
0.8979591836734165,11980,21
0.10204081632658406,11980,32
1.0,10370,21
0.9999999999999998,19794,21
1.0,8119,21
0.8809523809524279,11836,21
0.11904761904757268,11836,32
1.0000000000000002,10286,21
0.9636363636363927,11290,21
0.03636363636360689,11290,32
1.0,9120,21
0.9268292682926965,10991,21
0.0731707317073041,10991,32
1.0,8986,21
1.0,10652,21
0.9333333333333417,11012,21
0.06666666666665857,11012,32
1.0,23415,21
0.962264150943359,8750,21
0.037735849056641006,8750,32
0.9795918367346946,10369,21
0.020408163265305364,10369,32
0.948275862068973,9197,21
0.05172413793102705,9197,32
0.9889196675900257,10098,21
0.01108033240997426,10098,32
0.8723404255319417,9115,21
0.12765957446805834,9115,32
0.9230769230769466,11052,21
0.0769230769230536,11052,32
0.9135135135135121,8157,21
0.08648648648648795,8157,32
1.0,10587,21
1.0,9199,21
1.0,9191,21
1.0,10194,21
1.0,8821,21
1.0,9624,21
1.0,8245,21
0.9999999999999999,10867,21
1.0,8249,21
1.0,8559,21
1.0000000000000002,23342,21
1.0,10221,21
0.957547169811317,8557,21
0.04245283018868299,8557,32
0.5926966292134896,8192,21
0.4073033707865103,8192,32
0.8448275862068736,10325,21
0.15517241379312643,10325,32
0.9054726368159133,8720,21
0.0945273631840867,8720,32
0.9090909090908965,9063,21
0.09090909090910344,9063,32
1.0,17964,21
1.0,9061,21
0.9807692307692372,9615,21
0.019230769230762508,9615,32
0.9818181818181855,11527,21
0.018181818181814583,11527,32
0.9894319682959026,9625,21
0.01056803170409735,9625,32
1.0,8388,21
1.0,10943,21
1.0,8379,21
1.0,8637,21
1.0,18736,21
0.9241146711635718,8581,21
0.07588532883642822,8581,32
0.9154929577464325,11368,21
0.08450704225356787,11368,32
0.7830188679245186,9300,21
0.21698113207548142,9300,32
0.8636363636362435,11429,21
0.13636363636375662,11429,32
0.8000000000000214,9436,21
0.1999999999999786,9436,32
0.8636363636363636,11427,21
0.13636363636363635,11427,32
0.8116883116883364,9433,21
0.1883116883116636,9433,32
0.8636363636363863,11851,21
0.1363636363636138,11851,32
0.8235294117647814,10315,21
0.17647058823521858,10315,32
0.9019607843137194,9278,21
0.09803921568628063,9278,32
0.9009009009008878,9409,21
0.0990990990991122,9409,32
0.9025341130604274,10382,21
0.09746588693957253,10382,32
1.0,9353,21
1.0000000000000004,11190,21
1.0,8893,21
0.9999999999999996,11532,21
1.0000000000000004,9671,21
0.9999999999999998,11467,21
1.0,8606,21
0.8585858585858372,10082,21
0.14141414141416275,10082,32
0.9435998038254002,10090,21
0.0564001961745998,10090,32
0.8613861386139107,9276,21
0.13861386138608928,9276,32
0.9496157130657555,10380,21
0.05038428693424447,10380,32
1.0,10366,21
1.0000000000000002,10805,21
1.0,10349,21
1.0,24454,21
1.0,10379,21
1.0,8688,21
1.0,19196,21
1.0,10346,21
0.8178111587982816,10453,21
0.18218884120171844,10453,32
1.0,9333,21
0.9090909090908389,10196,21
0.09090909090916106,10196,32
0.9130434782608695,10831,21
0.08695652173913042,10831,32
0.9357798165137932,8179,21
0.0642201834862069,8179,32
1.0,8276,21
1.0,8273,21
0.875,11121,21
0.125,11121,32
0.9999999999999999,9027,21
1.0000000000000002,12056,21
1.0,10723,21
0.8196721311475874,8887,21
0.1803278688524126,8887,32
0.9047619047619091,11255,21
0.09523809523809112,11255,32
0.7878426698450568,9047,21
0.2121573301549432,9047,32
1.0,9737,21
1.0,9736,21
1.0,10514,21
1.0,11949,21
1.0,10515,21
1.0,9446,21
1.0,9308,21
0.9999999999999998,11369,21
1.0,10407,21
0.9999999999999999,11367,21
1.0,10314,21
1.0,10473,21
1.0,11087,21
1.0,8662,21
1.0,9070,21
1.0,8676,21
1.0,8845,21
1.0,8151,21
1.0,8602,21
0.9999999999999999,12039,21
1.0,10687,21
0.8639730639730591,10552,21
0.13602693602694094,10552,32
1.0,9738,21
1.0,10394,21
1.0000000000000004,11944,21
1.0,10505,21
1.0,10686,21
1.0,11238,21
1.0,9008,21
1.0,10724,21
1.0000000000000002,10740,21
1.0,8115,21
0.85,11751,21
0.15,11751,32
1.0,9459,21
1.0,9287,21
0.9999999999999999,8419,21
1.0,8422,21
0.9230769230769232,9244,21
0.07692307692307691,9244,32
1.0,9284,21
0.9999999999999999,10960,21
1.0,8415,21
0.8423423423423205,10341,21
0.15765765765767945,10341,32
0.7727272727272764,8529,21
0.2272727272727236,8529,32
0.8235294117647058,10653,21
0.17647058823529413,10653,32
0.8059701492537252,8985,21
0.19402985074627474,8985,32
0.8888888888888978,8494,21
0.11111111111110213,8494,32
0.6923076923075953,9119,21
0.30769230769240447,9119,32
0.6808510638297399,10284,21
0.31914893617026013,10284,32
0.6307692307692351,9067,21
0.3692307692307649,9067,32
0.42857142857142866,19798,21
0.5714285714285715,19798,32
0.7118644067796304,10371,21
0.2881355932203697,10371,32
0.7511415525114109,8140,21
0.24885844748858915,8140,32
1.0,10519,21
1.0,11063,21
1.0,8613,21
0.9557522123893812,9188,21
0.044247787610618754,9188,32
0.9761904761904947,11307,21
0.02380952380950577,11307,32
0.9545454545454545,9161,21
0.04545454545454544,9161,32
0.967741935483876,12023,21
0.0322580645161243,12023,32
0.9523809523809752,10659,21
0.04761904761902493,10659,32
0.9615384615383596,12024,21
0.03846153846164071,12024,32
0.938398357289524,10660,21
0.06160164271047596,10660,32
0.9,18151,21
0.09999999999999998,18151,32
1.0,9623,21
1.0,9611,21
0.9347826086956528,18166,21
0.06521739130434787,18166,32
1.0,8085,21
0.9999999999999998,10776,21
1.0,9160,21
1.0,9650,21
1.0,11412,21
1.0,11502,21
1.0,10714,21
1.0,11176,21
1.0,8859,21
1.0,10683,21
1.0,11735,21
1.0,10089,21
1.0,12055,21
1.0,10720,21
1.0,10086,21
0.9999999999999998,8969,21
0.8124999999996732,10895,21
0.1875000000003268,10895,32
1.0,8295,21
1.0,8989,21
1.0,10725,21
1.0,8711,21
0.9999999999999999,11999,21
1.0,10362,21
1.0,20206,21
1.0,10348,21
1.0,10367,21
0.8941176470588128,8448,21
0.10588235294118717,8448,32
0.9333333333333654,11433,21
0.06666666666663432,11433,32
0.9019607843137325,9440,21
0.09803921568626751,9440,32
0.8750000000000004,18471,21
0.125,18471,32
1.0,10304,21
1.0,8790,21
1.0,9162,21
1.0,9279,21
1.0,10316,21
1.0,9432,21
1.0,9435,21
1.0,8582,21
0.8354978354978173,9107,21
0.16450216450218275,9107,32
1.0,9945,21
0.926029962546816,10585,21
0.07397003745318394,10585,32
1.0,9212,21
1.0,10436,21
1.0,10442,21
1.0,10443,21
1.0,9332,21
1.0,10439,21
1.0,9748,21
1.0,10595,21
1.0,10717,21
1.0000000000000002,11094,21
1.0,8678,21
1.0,8873,21
0.9999999999999999,11090,21
1.0,8671,21
1.0000000000000002,11219,21
0.9999999999999998,8960,21
0.9999999999999999,10890,21
1.0,8289,21
1.0000000000000002,10350,21
1.0,17965,21
1.0,9606,21
1.0,11520,21
1.0,9608,21
1.0,8344,21
1.0,10921,21
1.0,8342,21
1.0,10913,21
1.0,8326,21
1.0,10915,21
1.0,8334,21
0.7500000000001705,11610,21
0.24999999999982953,11610,32
0.5714285714284786,9843,21
0.42857142857152136,9843,32
0.7876712328767238,9726,21
0.21232876712327614,9726,32
0.8095238095236529,11570,21
0.19047619047634728,11570,32
0.7033898305085234,9716,21
0.2966101694914766,9716,32
0.79545454545458,11568,21
0.20454545454542078,11568,32
0.7142857142858628,9714,21
0.28571428571413715,9714,32
1.0,9307,21
0.8779149519890401,8577,21
0.12208504801095983,8577,32
0.9999999999999999,11804,21
1.0,10381,21
1.0,8308,21
1.0,9586,21
0.9375000000000001,9551,21
0.0625,9551,32
0.8775510204081547,8485,21
0.12244897959184525,8485,32
0.8877551020407864,8488,21
0.11224489795921351,8488,32
1.0,9562,21
1.0,9546,21
0.909090909090909,8133,21
0.09090909090909091,8133,32
0.9090909090909389,10801,21
0.09090909090906082,10801,32
0.9411764705882512,8129,21
0.05882352941174897,8129,32
0.8470588235293903,8156,21
0.15294117647060965,8156,32
1.0,8591,21
0.9999999999999999,17770,21
1.0000000000000002,9496,21
1.0000000000000002,9113,21
1.0,8086,21
1.0,10661,21
1.0,10658,21
1.0,8189,21
1.0,10839,21
1.0,8194,21
1.0,11168,21
1.0,8833,21
1.0,19727,21
1.0,10013,21
1.0,10821,21
1.0,10822,21
1.0,8164,21
1.0,9759,21
1.0,11586,21
1.0,9757,21
1.0,11585,21
1.0,11584,21
1.0,9752,21
0.9999999999999998,11583,21
1.0,8322,21
0.4786324786324733,8297,21
0.5213675213675267,8297,32
1.0,8296,21
0.9999999999999999,9356,21
0.9999999999999999,11399,21
1.0,9372,21
0.9999999999999999,11906,21
1.0,10423,21
0.8536585365853767,8491,21
0.1463414634146233,8491,32
0.721590909090914,8370,21
0.27840909090908605,8370,32
0.6511627906978033,11517,21
0.3488372093021967,11517,32
0.6315789473684003,8713,21
0.3684210526315998,8713,32
0.7777777777777777,8182,21
0.22222222222222224,8182,32
0.8000000000000727,10834,21
0.19999999999992724,10834,32
0.8125000000000568,8184,21
0.18749999999994313,8184,32
0.8787878787878628,25307,21
0.12121212121213708,25307,32
0.875,25308,21
0.125,25308,32
0.8666666666665293,8650,21
0.13333333333347075,8650,32
1.0,25316,21
1.0,8275,21
1.0,10015,21
0.9999999999999998,19725,21
1.0,19726,21
1.0,8829,21
1.0,8187,21
1.0,8402,21
0.8157894736841964,9925,21
0.18421052631580365,9925,32
0.7941176470587875,8313,21
0.20588235294121243,8313,32
1.0,8302,21
1.0,23675,21
1.0,8962,21
1.0,8974,21
0.35294117647065903,10263,21
0.647058823529341,10263,32
0.6666666666667678,10255,21
0.3333333333332323,10255,32
0.8461538461536522,11308,21
0.15384615384634756,11308,32
0.6969696969696302,9377,21
0.3030303030303698,9377,32
1.0,24416,21
1.0,10247,21
1.0,10859,21
1.0,8233,21
1.0,9823,21
1.0,9670,21
1.0,8892,21
1.0,8459,21
1.0,8114,21
1.0,8030,21
1.0,10203,21
1.0,11719,21
1.0,10074,21
1.0,8979,21
1.0,19831,21
1.0,8481,21
1.0,10995,21
1.0,9559,21
0.9999999999999999,18170,21
1.0,9388,21
1.0,8466,21
1.0,10985,21
1.0,8464,21
1.0,9613,21
1.0000000000000002,11528,21
1.0,9668,21
1.0,8134,21
1.0,10802,21
1.0,8131,21
0.924528301886865,10639,21
0.07547169811313502,10639,32
0.9354838709677535,10903,21
0.0645161290322467,10903,32
1.0,10643,21
1.0,11797,21
1.0,8999,21
1.0,8049,21
0.9254617414247822,9864,21
0.0745382585752178,9864,32
0.9473684210526621,11630,21
0.052631578947338185,11630,32
0.9310344827586297,9858,21
0.0689655172413703,9858,32
0.9999999999999998,20293,21
1.0,10433,21
1.0,11390,21
0.9999999999999999,9375,21
1.0,11878,21
1.0,10390,21
1.0,23418,21
1.0,9159,21
1.0,8083,21
0.9999999999999998,11288,21
1.0,10681,21
1.0,9204,21
0.9999999999999998,10633,21
1.0,8348,21
1.0,9040,21
1.0,9914,21
1.0,11652,21
1.0,9913,21
0.9999999999999999,12048,21
1.0,10709,21
0.8942307692307789,10642,21
0.1057692307692211,10642,32
0.8607888631090458,10640,21
0.1392111368909542,10640,32
1.0000000000000002,9114,21
1.0,9206,21
0.7999999999999999,11228,21
0.2,11228,32
1.0,19852,21
0.8749999999999999,19778,21
0.125,19778,32
0.7777777777779462,25301,21
0.22222222222205376,25301,32
0.9582043343653276,9051,21
0.04179566563467246,9051,32
1.0,20112,21
1.0,9075,21
1.0,10224,21
1.0,11220,21
1.0,8964,21
1.0,10888,21
1.0,8286,21
1.0,8697,21
0.8749999999999716,11634,21
0.12500000000002845,11634,32
0.8644067796609882,9939,21
0.13559322033901178,9939,32
0.941176470588248,11966,21
0.05882352941175212,11966,32
0.7010309278350534,10548,21
0.2989690721649466,10548,32
1.0,20111,21
1.0,9031,21
1.0,11026,21
1.0,8534,21
0.8672566371680989,8592,21
0.13274336283190113,8592,32
0.7857142857142854,11054,21
0.21428571428571427,11054,32
0.9285714285714193,8593,21
0.07142857142858071,8593,32
1.0000000000000002,11192,21
1.0000000000000002,11057,21
1.0,8604,21
0.9999999999999999,9524,21
0.9999999999999998,8898,21
1.0,9521,21
1.0,9516,21
0.846153846153889,11089,21
0.15384615384611075,11089,32
0.7363636363636281,9722,21
0.2636363636363719,9722,32
0.8282828282828483,10216,21
0.17171717171715176,10216,32
0.8214285714285541,10165,21
0.17857142857144598,10165,32
0.8999999999999999,11457,21
0.1,11457,32
0.9047619047619955,9522,21
0.09523809523800449,9522,32
1.0,9000,21
1.0,10463,21
0.8750000000000145,18417,21
0.12499999999998579,18417,32
1.0,8623,21
0.9999999999999999,8562,21
1.0,19669,21
1.0,19670,21
1.0,8642,21
1.0,8858,21
1.0,11204,21
1.0,8925,21
1.0,10474,21
1.0,20096,21
1.0,20097,21
1.0,8872,21
1.0,11929,21
1.0,8228,21
1.0,10861,21
1.0,8237,21
1.0,9989,21
0.9999999999999999,8994,21
1.0,11083,21
1.0000000000000002,8655,21
0.9999999999999999,20130,21
1.0,9472,21
0.9999999999999998,8656,21
1.0,9471,21
0.8571428571428572,9327,21
0.14285714285714288,9327,32
1.0,9733,21
1.0,9731,21
1.0,9729,21
1.0,10526,21
0.7999999999999999,11050,21
0.2,11050,32
1.0,8585,21
1.0,19525,21
1.0,10363,21
1.0,8710,21
1.0,8340,21
1.0,11962,21
1.0,10542,21
1.0,10539,21
1.0,9871,21
1.0,8735,21
1.0000000000000002,11963,21
0.9999999999999998,10459,21
0.9999999999999998,9520,21
0.9999999999999999,8895,21
1.0,10559,21
1.0,10564,21
1.0,8100,21
0.8333333333334344,10790,21
0.16666666666656563,10790,32
1.0,8107,21
1.0,9234,21
1.0,10424,21
1.0,9371,21
0.7647058823528279,10115,21
0.23529411764717212,10115,32
0.7142857142857792,10116,21
0.28571428571422075,10116,32
1.0,9137,21
0.9999999999999999,19541,21
1.0,19542,21
1.0,24369,21
1.0,10276,21
1.0,10841,21
1.0,8199,21
0.9999999999999999,10846,21
1.0,8213,21
1.0,8472,21
1.0,10331,21
1.0,8597,21
0.3333333333333333,8150,21
0.6666666666666666,8150,32
1.0,10375,21
1.0,10698,21
1.0,8080,21
1.0,9103,21
1.0,9105,21
1.0,11800,21
1.0,10742,21
1.0,8033,21
1.0,9028,21
1.0,8535,21
0.9999999999999999,18472,21
1.0,9831,21
1.0,9849,21
0.9999999999999998,11623,21
1.0,9847,21
1.0,11622,21
1.0,9846,21
0.6666666666666666,25314,21
0.3333333333333333,25314,32
0.8333333333333334,25302,21
0.16666666666666669,25302,32
0.8999999999999999,8330,21
0.1,8330,32
0.8999999999999999,10641,21
0.1,10641,32
1.0,10137,21
1.0,9217,21
1.0,24784,21
1.0,19776,21
0.7777777777777777,19777,21
0.22222222222222224,19777,32
0.9999999999999998,25319,21
1.0,25320,21
1.0,8649,21
1.0000000000000002,11166,21
1.0,8827,21
1.0000000000000002,11231,21
1.0,8991,21
1.0,10197,21
1.0,9090,21
1.0,8926,21
0.7999999999999271,9101,21
0.20000000000007276,9101,32
0.9333333333333493,12032,21
0.06666666666665047,12032,32
0.7142857142857452,10677,21
0.2857142857142548,10677,32
0.941176470588248,11501,21
0.05882352941175212,11501,32
0.7560975609756585,10733,21
0.24390243902434156,10733,32
1.0,8524,21
0.6666666666666667,8901,21
0.33333333333333337,8901,32
1.0,25305,21
1.0,11205,21
1.0,9078,21
1.0,8664,21
1.0,9077,21
1.0,20113,21
1.0,9068,21
1.0,8663,21
1.0,8764,21
0.22222222222239066,10336,21
0.7777777777776094,10336,32
0.8225108225108235,10584,21
0.17748917748917648,10584,32
0.7058823529412552,11982,21
0.2941176470587448,11982,32
0.8153846153846562,10728,21
0.18461538461534371,10728,32
0.695652173913009,10892,21
0.3043478260869909,10892,32
0.8039647577092456,9202,21
0.19603524229075445,9202,32
1.0,8400,21
1.0,10334,21
1.0,10954,21
1.0,8291,21
1.0,8290,21
1.0,8961,21
1.0,8670,21
1.0,8795,21
0.9999999999999998,23390,21
1.0,8069,21
1.0,9108,21
1.0,23589,21
1.0,8502,21
0.9999999999999999,11009,21
0.9999999999999999,8507,21
1.0,8778,21
1.0,9176,21
1.0,11440,21
1.0,9454,21
1.0,11309,21
1.0,9130,21
1.0,11439,21
1.0,9158,21
1.0,11699,21
1.0,10034,21
1.0,9585,21
1.0,10676,21
1.0,10579,21
1.0,10566,21
1.0,10712,21
1.0,9750,21
0.9999999999999999,11581,21
1.0,9745,21
0.5500000000001181,11572,21
0.4499999999998817,11572,32
0.7410714285714163,9724,21
0.2589285714285838,9724,32
0.9081632653061537,9720,21
0.0918367346938464,9720,32
1.0,9948,21
1.0,11658,21
1.0,9921,21
0.9999999999999999,11657,21
1.0,9915,21
1.0,11650,21
1.0,9907,21
1.0,8537,21
0.875,8341,21
0.125,8341,32
0.9444444444444514,10537,21
0.05555555555554853,10537,32
1.0,9719,21
1.0,9725,21
1.0,9746,21
0.9375000000000426,23833,21
0.06249999999995736,23833,32
0.9375000000000144,9708,21
0.062499999999985796,9708,32
0.8612716763005932,9717,21
0.13872832369940677,9717,32
0.8870056497175072,9838,21
0.11299435028249284,9838,32
1.0,10638,21
1.0,20208,21
0.823529411765159,8181,21
0.17647058823484094,8181,32
0.7692307692307638,8180,21
0.23076923076923614,8180,32
0.790450928381962,10198,21
0.20954907161803804,10198,32
1.0,9046,21
1.0,10647,21
1.0,8075,21
1.0,23297,21
1.0,8414,21
0.9999999999999999,10958,21
1.0,8412,21
1.0,8405,21
1.0,9664,21
1.0,11529,21
1.0,9666,21
0.6666666666666666,19796,21
0.3333333333333333,19796,32
0.8378378378378545,8430,21
0.16216216216214555,8430,32
0.8636363636363372,8123,21
0.13636363636366267,8123,32
0.9298245614035647,10373,21
0.07017543859643524,10373,32
0.5,9292,21
0.5,9292,32
0.7556818181818324,8372,21
0.24431818181816758,8372,32
0.6633663366336665,8739,21
0.3366336633663335,8739,32
0.7500000000000626,8755,21
0.2499999999999375,8755,32
0.7857142857142854,11404,21
0.21428571428571427,11404,32
0.6748971193415934,9385,21
0.32510288065840665,9385,32
1.0,9469,21
1.0,10747,21
1.0,8042,21
0.5137614678898753,8971,21
0.48623853211012463,8971,32
0.7857142857142799,10171,21
0.21428571428572007,10171,32
0.8000000000000365,10179,21
0.19999999999996362,10179,32
0.8181818181817994,8789,21
0.1818181818182006,8789,32
0.7333333333331595,10185,21
0.2666666666668405,10185,32
0.7669172932330586,8792,21
0.23308270676694146,8792,32
0.8666666666666465,10064,21
0.13333333333335354,10064,32
0.9111111111110999,10055,21
0.08888888888890012,10055,32
0.9106753812636088,10706,21
0.08932461873639119,10706,32
1.0,10532,21
1.0,9937,21
0.9999999999999999,11663,21
0.9999999999999999,9933,21
1.0,11025,21
1.0,8533,21
0.9999999999999999,18467,21
0.9999999999999999,18468,21
0.9999999999999999,18469,21
1.0,8223,21
1.0,10845,21
1.0,8210,21
1.0,10843,21
1.0,8206,21
1.0,8687,21
1.0,24351,21
1.0,19556,21
1.0,10232,21
1.0,11069,21
1.0,8625,21
0.9999999999999998,8927,21
1.0,19671,21
1.0,9086,21
1.0,11039,21
1.0,8881,21
1.0000000000000002,24334,21
1.0,10233,21
1.0,8946,21
1.0,8686,21
1.0,8204,21
1.0,8200,21
1.0,10277,21
1.0,8944,21
1.0,11075,21
1.0,8639,21
1.0,11215,21
1.0,8951,21
1.0,8914,21
1.0,11201,21
1.0,11791,21
1.0,10187,21
1.0,8498,21
1.0,9656,21
1.0,11872,21
1.0,10930,21
1.0,8360,21
1.0,8446,21
1.0,10975,21
1.0,10278,21
1.0,11831,21
1.0,10274,21
1.0,9143,21
1.0,18735,21
1.0,10384,21
1.0,8669,21
0.6000000000000001,23428,21
0.4,23428,32
0.7142857142857143,11927,21
0.28571428571428575,11927,32
0.6451612903225783,10469,21
0.3548387096774217,10469,32
0.479452054794541,8899,21
0.520547945205459,8899,32
0.6428571428572241,10602,21
0.35714285714277594,10602,32
0.7358490566037201,8797,21
0.2641509433962798,8797,32
0.6799999999999563,8959,21
0.32000000000004364,8959,32
1.0,8307,21
1.0,8966,21
1.0,8277,21
1.0,9179,21
1.0,10159,21
1.0,9254,21
1.0,9094,21
1.0,9112,21
1.0000000000000002,8149,21
1.0,10688,21
1.0,10209,21
1.0,9988,21
1.0,10609,21
1.0,10722,21
0.6322580645161407,8546,21
0.36774193548385925,8546,32
0.4827586206896308,9997,21
0.5172413793103692,9997,32
0.5,11687,21
0.5,11687,32
1.0,9986,21
1.0,8809,21
1.0,12001,21
1.0,10617,21
1.0,10356,21
0.5294117647059846,9135,21
0.4705882352940154,9135,32
0.5682888540031771,9140,21
0.4317111459968229,9140,32
1.0,10365,21
1.0,8104,32
0.24561403508771826,9512,21
0.7543859649122817,9512,32
1.0,8224,21
1.0,8212,21
1.0,8709,21
1.0,8707,21
1.0,23367,21
0.5,10517,21
0.5,10517,32
0.4345794392522729,8586,21
0.5654205607477271,8586,32
1.0,8583,21
1.0,8443,21
0.9999999999999998,11917,21
1.0,10451,21
0.9999999999999998,11645,21
1.0,9889,21
0.6697247706422692,9200,21
0.3302752293577308,9200,32
0.6666666666658583,11319,21
0.3333333333341418,11319,32
0.6666666666666666,9184,21
0.3333333333333333,9184,32
1.0,8098,21
1.0,8096,21
1.0,8095,21
1.0,11593,21
1.0,8047,21
1.0,11458,21
1.0,9499,21
1.0,8616,21
1.0,8701,21
1.0,10657,21
1.0,9097,21
1.0,9157,21
1.0,9168,21
1.0,9166,21
1.0,9172,21
1.0,8384,21
1.0,8366,21
1.0,11952,21
1.0,10521,21
0.7222222222223625,9426,21
0.2777777777776374,9426,32
0.6428571428570501,8177,21
0.35714285714294997,8177,32
1.0,8525,32
1.0,8285,21
1.0,8283,21
1.0,8282,21
1.0,18212,21
1.0,18148,21
1.0,11828,21
1.0,11574,21
1.0,8526,21
1.0,10085,21
1.0,11737,21
1.0,10092,21
1.0,11728,21
1.0,10071,21
1.0000000000000002,10874,21
1.0,8259,21
0.9999999999999999,10875,21
1.0,8263,21
1.0,10454,21
1.0,8240,21
1.0,8236,21
1.0,8820,21
1.0,9742,21
1.0,10477,21
1.0,9778,21
1.0,10969,21
1.0,8435,21
1.0,8294,21
1.0,8293,21
1.0,10262,21
0.8,18722,21
0.2,18722,32
1.0,8603,21
0.8717948717948698,8714,21
0.1282051282051302,8714,32
1.0,8834,21
1.0,9461,21
1.0,10465,21
1.0,11195,21
1.0,23425,21
0.9999999999999999,9128,21
1.0,10551,21
1.0,9910,21
1.0,10710,21
1.0,9909,21
1.0,23295,21
1.0,9035,21
1.0,9946,21
1.0,8532,21
1.0,9936,21
1.0,9898,21
1.0,9895,21
1.0,10452,21
1.0,9645,21
1.0,10393,21
1.0,8470,21
1.0,8105,32
1.0,8106,32
0.7500000000000001,10599,21
0.25,10599,32
1.0,8957,21
1.0,8298,21
1.0,10437,21
1.0,10478,21
1.0,9513,21
0.9999999999999999,12005,21
1.0,10327,21
1.0,10718,21
1.0,10593,21
1.0,8255,21
1.0,8281,21
1.0,8965,21
1.0,11810,21
1.0,10225,21
1.0,8403,21
1.0,8413,21
1.0,8328,21
1.0,11609,21
1.0,9814,21
1.0,11628,21
1.0,8476,21
1.0,8482,21
1.0,19834,21
1.0,9415,21
1.0,9537,21
0.32867132867135446,8399,21
0.6713286713286455,8399,32
0.5999999999995635,8590,21
0.40000000000043656,8590,32
0.5378151260504767,8594,21
0.4621848739495233,8594,32
1.0,8441,21
1.0,10563,21
1.0,10251,21
1.0,9378,21
0.8660436137070987,8715,21
0.13395638629290127,8715,32
1.0,9384,21
1.0,8578,21
1.0,8894,21
1.0,10496,21
1.0,11939,21
1.0,10493,21
1.0,9599,21
1.0,20207,21
0.6666666666666666,9833,21
0.3333333333333333,9833,32
1.0,11635,21
0.6304347826087279,10538,21
0.3695652173912721,10538,32
1.0,8038,21
1.0,8992,21
1.0,25322,21
1.0,8648,21
1.0,9196,21
1.0,9044,21
1.0,19554,21
1.0,8465,21
1.0,10153,21
1.0,10580,21
0.9999999999999999,24315,21
1.0,8897,21
1.0,8048,21
1.0,9799,21
1.0,19833,21
1.0,9630,21
1.0,10949,21
1.0,8394,21
1.0,11874,21
1.0,10361,21
0.3333333333333333,8142,21
0.6666666666666666,8142,32
0.3333333333333333,10810,21
0.6666666666666666,10810,32
0.3333333333333333,8144,21
0.6666666666666666,8144,32
0.5714285714285715,18188,21
0.42857142857142866,18188,32
1.0,8627,21
1.0,8288,21
1.0,8287,21
1.0,20114,21
1.0,10637,21
1.0,10231,21
1.0,8940,21
1.0,10267,21
1.0,8232,21
1.0,10530,21
1.0,19555,21
1.0,10674,21
1.0,8839,21
1.0,8853,21
1.0,8445,21
1.0,8425,21
1.0,10963,21
1.0,8417,21
1.0,11734,21
1.0,9751,21
1.0,9755,21
1.0,9758,21
1.0,9765,21
1.0,8531,21
1.0,10507,21
1.0,11007,21
1.0,8504,21
1.0,23639,21
1.0,8900,21
1.0,10471,21
1.0,10467,21
1.0,11432,21
1.0,23433,21
1.0,9878,21
1.0,9813,21
1.0,9810,21
1.0,9779,21
1.0,9790,21
1.0,9769,21
1.0,8073,21
1.0,10766,21
1.0,8071,21
1.0,9842,21
1.0,9815,21
1.0,8346,21
1.0,8423,21
1.0,9301,21
1.0,24435,32
1.0,8996,21
1.0,8511,21
1.0,9411,32
1.0,10499,21
1.0,8160,21
1.0,10829,21
1.0,8174,21
1.0,8953,21
1.0,8950,21
1.0,8638,21
1.0,8418,21
1.0,8158,21
1.0,10670,21
1.0,8323,21
1.0,10531,21
1.0,19832,21
1.0,23365,21
1.0,8519,21
1.0,8647,21
1.0,8855,21
1.0,18470,21
1.0,9260,21
0.25,8351,21
0.7500000000000001,8351,32
0.25,10926,21
0.7500000000000001,10926,32
0.21052631578951148,8353,21
0.7894736842104886,8353,32
0.1250000000001421,11612,21
0.8749999999998579,11612,32
0.2857142857139145,9826,21
0.7142857142860856,9826,32
0.20000000000007276,11611,21
0.7999999999999272,11611,32
0.3333333333333333,8320,21
0.6666666666666666,8320,32
1.0,23412,21
1.0,9667,21
1.0,9665,21
1.0,10045,21
1.0,8444,21
1.0,8374,21
1.0,8390,21
1.0,8363,21
1.0,9430,21
1.0,10271,21
1.0,10275,21
1.0,8335,21
1.0,11965,21
1.0,10547,21
1.0,8812,21
1.0,8264,21
1.0,8262,21
1.0,8260,21
0.9999999999999999,11726,21
1.0,10066,21
1.0,10865,21
1.0,8243,21
1.0,9954,21
1.0,11669,21
1.0,9951,21
1.0,19195,21
1.0,8921,21
1.0,8643,21
1.0,8646,21
1.0,10715,21
1.0,8084,21
1.0,10328,21
1.0,10622,21
1.0,10665,21
1.0,10624,21
1.0,12006,21
1.0,10625,21
1.0,8081,21
1.0,9037,21
1.0,9809,21
1.0,10971,21
1.0,8438,21
1.0,10078,21
1.0,10087,21
1.0,10721,21
1.0,10088,21
1.0,10230,21
1.0,8924,21
1.0,8852,21
1.0,8768,21
1.0,8685,21
1.0,9207,21
1.0,10627,21
1.0,11040,21
1.0,11710,21
1.0,10166,21
1.0,9740,21
1.0,10057,21
1.0,8244,21
1.0,10067,21
1.0,10192,21
1.0,10357,21
1.0,10618,21
1.0,9777,21
1.0,8963,21
1.0,18815,21
1.0,10257,21
1.0,10176,21
1.0,10175,21
1.0,10302,21
1.0,10877,21
1.0,10140,21
1.0,8242,21
1.0,10869,21
1.0,8252,21
1.0,9575,21
1.0,10495,21
1.0,8652,21
1.0,10743,21
1.0,8037,21
1.0,10713,21
1.0,10933,21
1.0,8382,21
1.0,11626,21
1.0,9874,21
1.0,11106,21
1.0,8702,21
1.0,8148,21
1.0,12022,21
1.0,10656,21
1.0,8070,21
1.0,8190,21
1.0,9734,21
1.0,8398,21
1.0,10344,21
1.0,8250,21
1.0,23368,21
1.0,10392,21
1.0,8493,21
1.0,10050,21
1.0,8566,21
1.0,25323,21
1.0,9453,21
1.0,18149,21
1.0,18816,21
1.0,8407,21
1.0,8265,21
1.0,10878,21
1.0,8269,21
1.0,9985,32
1.0,11685,32
0.5,11673,21
0.5,11673,32
1.0,9975,32
0.714285714285343,11681,21
0.28571428571465696,11681,32
1.0,8541,32
1.0,9032,21
1.0,8183,21
1.0,20129,21
1.0,11813,21
1.0,8416,21
1.0,8424,21
1.0,8540,21
1.0,10037,21
1.0,9960,21
1.0,8918,21
1.0,11004,21
1.0,8319,21
1.0,11596,21
1.0,9782,21
1.0,8359,21
1.0,10719,21
1.0,8062,21
1.0,11961,21
1.0,8411,21
1.0,10731,21
1.0,10448,21
1.0,9848,21
1.0,9854,21
1.0,10527,21
1.0,11051,21
1.0,9407,21
1.0,8082,21
1.0,10663,21
1.0,8258,21
1.0,10872,21
1.0,8257,21
1.0,8440,21
1.0,8439,21
1.0,9811,21
1.0,8103,21
1.0,8317,21
1.0,9792,21
1.0,8480,21
1.0,10673,21
1.0,10144,21
1.0,9888,21
1.0,9981,32
1.0,11861,21
1.0,19526,21
1.0,8506,21
1.0,8742,21
1.0,8703,21
1.0,9873,21
1.0,8383,21
1.0,9123,32
1.0,19816,21
1.0,8375,21
1.0,10376,21
1.0,10312,21
1.0,8270,21
1.0,8268,21
1.0,8500,21
1.0,9541,21
1.0,23737,21
1.0,9048,21
1.0,9995,21
1.0,8457,21
1.0,11098,21
1.0,9819,32
1.0,10134,21
1.0,8615,21
1.0,10151,21
1.0,9264,21
1.0,18734,21
1.0,8461,21
1.0,19524,21
1.0,9389,21
1.0,9392,21
1.0,8356,21
1.0,9449,21
1.0,8120,21
