avTime_s,roadTypeID,linkID
2.8571428571423376,5,8030
1.2999999999992724,5,8033
1.5999999999985448,5,8037
0.7999999999999999,5,8038
0.8,5,8042
2.399999999997817,5,8047
2.1333333333338182,5,8048
2.20833333333303,5,8049
1.0736842105263542,5,8052
1.2736842105270045,5,8058
5.079518072289095,5,8060
5.599999999998545,5,8062
1.385365853658669,5,8063
9.144303797468764,5,8065
8.399999999999636,5,8069
3.399999999999636,5,8070
2.4000000000002424,5,8071
0.8000000000000002,5,8073
1.0999999999985448,5,8075
0.9846153846159259,5,8076
4.700000000000728,5,8080
0.8,5,8081
1.5333333333328483,5,8082
0.8833333333335758,5,8083
2.4000000000002424,5,8084
0.8,5,8085
1.7499999999993936,5,8086
6.080000000000291,5,8091
0.8000000000000003,5,8093
0.8,5,8095
0.8,5,8096
1.2499999999996767,5,8097
0.8,5,8098
1.2799999999998544,5,8100
1.8499999999985448,5,8103
9.200000000000728,5,8104
0.8,5,8105
4.799999999999272,5,8106
0.8599999999995636,5,8107
9.966666666666697,5,8108
6.369230769230573,5,8109
8.599999999999758,5,8110
3.6083333333332726,5,8114
4.1000000000002235,5,8115
3.5826086956523953,5,8119
12.700000000000728,5,8120
4.820000000000436,5,8121
1.4666666666672732,5,8123
1.4736842105264691,5,8126
1.2363636363639674,5,8129
3.679999999999855,5,8131
0.7999999999999999,5,8133
0.7999999999999999,5,8134
30.469565217390986,5,8140
6.921739130435289,5,8141
0.8000000000000002,5,8142
0.8000000000000002,5,8144
0.8,5,8148
0.8000000000000002,5,8149
0.8000000000000002,5,8150
1.1000000000002728,5,8151
5.679999999999927,5,8152
1.1749999999994543,5,8154
8.5,5,8156
10.571428571427791,5,8157
0.8,5,8158
0.8,5,8160
0.8,5,8164
1.2799999999995635,5,8166
0.8,5,8169
1.2749999999996362,5,8174
1.8666666666661815,5,8177
1.9235294117643207,5,8179
3.4666666666660606,5,8180
0.8500000000001213,5,8181
0.7999999999999999,5,8182
1.0,5,8183
1.422222222223516,5,8184
11.100000000002183,5,8186
6.600000000000364,5,8187
7.080000000001019,5,8188
1.1999999999989086,5,8189
4.666666666666667,5,8190
5.860465116278985,5,8191
13.561904761904554,5,8192
5.999999999998181,5,8194
0.8,5,8199
3.866666666666788,5,8200
6.133333333333819,5,8204
2.1333333333338182,5,8206
5.279999999999927,5,8208
10.56000000000131,5,8209
1.1999999999994542,5,8210
2.400000000001455,5,8212
2.9200000000011643,5,8213
2.175000000000182,5,8223
1.9666666666683643,5,8224
0.8000000000000002,5,8228
3.1999999999993634,5,8229
4.637037037037064,5,8230
1.6000000000021828,5,8232
2.559999999999127,5,8233
6.399999999999636,5,8236
0.8333333333338184,5,8237
0.8,5,8240
0.8,5,8242
1.1999999999992723,5,8243
1.2000000000025466,5,8244
0.8,5,8245
1.957142857142961,5,8249
0.8,5,8250
1.4000000000014552,5,8252
3.871999999999971,5,8254
2.400000000001455,5,8255
0.8,5,8257
3.8000000000016976,5,8258
1.5999999999985448,5,8259
5.439999999999418,5,8260
6.133333333332605,5,8262
0.8799999999998545,5,8263
0.8000000000000002,5,8264
1.3333333333333333,5,8265
0.8,5,8268
0.8666666666666667,5,8269
0.8,5,8270
2.4925925925931045,5,8272
6.559999999999272,5,8273
1.1333333333334548,5,8274
2.5882352941178612,5,8275
1.6400000000001456,5,8276
2.5333333333336565,5,8277
3.2000000000009097,5,8278
1.5250000000014552,5,8279
0.7999999999999999,5,8280
6.399999999999636,5,8281
7.5999999999989996,5,8282
0.8,5,8283
2.858333333333576,5,8284
1.9000000000007276,5,8285
2.7999999999992724,5,8286
2.399999999999636,5,8287
1.75,5,8288
4.549999999999879,5,8289
1.3333333333335757,5,8290
3.5999999999997576,5,8291
4.274999999999636,5,8292
0.8,5,8293
3.2999999999992724,5,8294
3.1500000000007278,5,8295
2.399999999997817,5,8296
1.949999999999515,5,8297
3.25,5,8298
3.0666666666676368,5,8299
1.8428571428573508,5,8300
3.2,5,8301
4.2666666666676365,5,8302
2.4347826086953357,5,8306
0.9666666666664242,5,8307
2.6799999999995636,5,8308
3.9666666666671517,5,8313
7.288888888889131,5,8314
23.75000000000091,5,8317
16.399999999999636,5,8319
25.599999999998545,5,8320
12.93333333333309,5,8322
14.633333333333818,5,8323
4.80000000000291,5,8326
5.599999999998545,5,8328
0.7999999999999999,5,8330
8.0,5,8334
2.0999999999992722,5,8335
6.666666666667475,5,8337
1.8926829268294456,5,8339
1.5250000000005457,5,8340
0.8000000000000002,5,8341
2.400000000001455,5,8342
0.8,5,8344
5.19999999999709,5,8346
4.666666666666667,5,8348
44.29999999999927,5,8349
1.333333333333673,5,8350
0.8,5,8351
3.800000000000182,5,8353
0.8000000000000002,5,8354
0.8,5,8356
0.8000000000000002,5,8357
6.933333333333091,5,8359
1.1000000000021828,5,8360
9.899999999997817,5,8363
5.300000000000485,5,8366
17.599999999999,5,8370
15.644444444444364,5,8372
4.057142857142545,5,8373
1.5999999999985448,5,8374
4.0,5,8375
1.9789473684210142,5,8378
4.960000000000582,5,8379
1.8000000000012732,5,8382
2.2000000000007276,5,8383
3.199999999999818,5,8384
2.015999999999476,5,8387
0.8,5,8388
1.9999999999997577,5,8389
1.3999999999978172,5,8390
0.7999999999999999,5,8391
4.200000000000728,5,8394
0.8,5,8398
9.533333333334062,5,8399
9.49999999999909,5,8400
8.381818181818645,5,8402
0.8,5,8403
0.7999999999999999,5,8404
4.640000000000145,5,8405
5.949999999998909,5,8407
1.242857142857298,5,8410
2.4000000000002424,5,8411
1.7600000000001454,5,8412
5.050000000001091,5,8413
3.4800000000010187,5,8414
4.685714285713662,5,8415
0.8,5,8416
3.771428571429299,5,8417
4.800000000001091,5,8418
0.7999999999999999,5,8419
7.200000000000728,5,8420
1.599999999999818,5,8421
2.9666666666671517,5,8422
0.8000000000000002,5,8423
2.649999999999636,5,8424
1.8400000000016008,5,8425
2.0599999999998544,5,8426
3.288888888888727,5,8430
4.54545454545438,5,8431
1.0000000000003637,5,8435
0.8000000000000002,5,8438
2.400000000001455,5,8439
0.8,5,8440
3.399999999997817,5,8441
2.479999999998836,5,8443
3.400000000001455,5,8444
2.4,5,8445
2.3000000000010914,5,8446
12.363636363636363,5,8448
2.400000000001455,5,8456
8.0,5,8457
4.19999999999709,5,8459
0.8,5,8461
1.8105263157893587,5,8462
4.868571428571678,5,8463
2.400000000001455,5,8464
2.2333333333347887,5,8465
1.0,5,8466
6.780000000000291,5,8468
2.699999999999818,5,8470
2.500000000001819,5,8472
10.0,5,8476
0.8000000000000002,5,8480
5.046153846154294,5,8481
5.120000000000436,5,8482
3.7333333333339223,5,8485
3.353846153846042,5,8486
3.920000000000255,5,8488
5.466666666666242,5,8491
8.0,5,8493
18.947368421052442,5,8494
3.928888888888549,5,8496
0.9,5,8498
1.2000000000007276,5,8500
0.8846153846153286,5,8501
6.971428571427948,5,8502
1.3333333333333333,5,8503
7.200000000000728,5,8504
0.8,5,8506
0.8000000000003638,5,8507
7.199999999998909,5,8509
1.5999999999985448,5,8510
0.8,5,8511
2.800000000000364,5,8514
2.1545454545448592,5,8515
2.300000000000485,5,8517
3.099999999998545,5,8519
7.649999999999636,5,8524
3.2000000000007276,5,8525
1.3333333333333333,5,8526
36.800000000000594,5,8529
2.0363636363637023,5,8530
7.7333333333323635,5,8531
3.0,5,8532
3.888888888888889,5,8533
2.4,5,8534
7.7333333333323635,5,8535
4.599999999998545,5,8537
12.799999999999272,5,8540
10.299999999999272,5,8541
10.333333333333334,5,8546
11.0,5,8547
6.016666666666627,5,8548
6.683333333333394,5,8549
2.6909090909089586,5,8552
7.571717171717194,5,8555
3.8400000000000003,5,8556
6.784000000000088,5,8557
3.5809523809524157,5,8559
19.599999999999998,5,8560
0.7999999999999999,5,8562
2.0,5,8566
6.0749999999992115,5,8577
3.5499999999992724,5,8578
7.412499999999682,5,8581
5.050000000001091,5,8582
0.8,5,8583
2.400000000001455,5,8585
5.350000000000364,5,8586
4.6421052631581246,5,8587
0.8000000000005821,5,8590
18.333333333333332,5,8591
1.2555555555551514,5,8592
1.8666666666664244,5,8593
2.380000000000291,5,8594
3.4909090909088927,5,8597
1.4857142857141816,5,8600
0.8,5,8602
2.3999999999987267,5,8603
1.6866666666658905,5,8604
3.1799999999999273,5,8606
2.3500000000002426,5,8611
2.7000000000007276,5,8612
0.8,5,8613
4.200000000000728,5,8615
4.950000000000728,5,8616
2.550000000000182,5,8620
2.77931034482731,5,8622
11.022222222222304,5,8623
3.7100000000002185,5,8625
4.75,5,8627
2.909090909091405,5,8628
5.893333333333188,5,8629
2.1548387096773367,5,8632
3.549090909090922,5,8634
1.2000000000003639,5,8635
5.68888888888897,5,8637
0.8,5,8638
4.0,5,8639
5.279999999999563,5,8642
5.199999999998909,5,8643
5.599999999998545,5,8646
5.599999999998545,5,8647
1.466666666666909,5,8648
3.55555555555596,5,8649
1.1428571428575243,5,8650
1.4666666666667878,5,8651
2.399999999997817,5,8652
0.7999999999999999,5,8654
1.2444444444443639,5,8655
0.8000000000005819,5,8656
1.100000000000182,5,8657
1.200000000000291,5,8658
7.999999999998788,5,8661
1.6000000000010914,5,8662
4.0,5,8663
4.799999999999272,5,8664
2.0,5,8665
9.439999999999419,5,8666
1.8125000000004547,5,8669
1.5999999999989085,5,8670
5.7230769230764755,5,8671
3.1600000000004003,5,8672
1.8222222222227071,5,8673
2.042105263158431,5,8674
1.305263157894622,5,8675
4.320000000000436,5,8676
1.3333333333327675,5,8677
1.7499999999997726,5,8678
7.0000000000009095,5,8679
2.600000000000364,5,8684
2.399999999997817,5,8685
2.399999999999636,5,8686
0.8000000000009702,5,8687
7.600000000000364,5,8688
39.72321428571422,5,8694
11.555555555555152,5,8695
17.199999999999818,5,8697
8.200000000000122,5,8699
4.200000000000728,5,8701
53.86666666666739,5,8702
2.400000000001455,5,8703
4.581818181818645,5,8706
0.8,5,8707
5.207692307692084,5,8708
3.699999999999818,5,8709
26.89230769230758,5,8710
6.133333333335031,5,8711
7.871428571427844,5,8713
10.399999999999839,5,8714
4.585714285715118,5,8715
6.991304347825897,5,8720
3.8508474576271308,5,8723
4.312380952381091,5,8725
8.105050505050416,5,8727
3.9799999999999573,5,8729
2.4571428571432725,5,8732
5.342857142857237,5,8733
10.742857142857073,5,8735
6.071232876712439,5,8736
15.551020408163236,5,8737
5.290909090909323,5,8738
26.933333333334303,5,8739
3.4526315789474835,5,8741
0.8,5,8742
2.019047619048208,5,8743
2.8444444444438783,5,8744
3.4285714285717406,5,8745
2.0190476190483815,5,8750
2.273684210526048,5,8751
2.1333333333338667,5,8755
0.8000000000001619,5,8759
4.9066666666660845,5,8761
2.400000000001455,5,8764
2.763636363636827,5,8765
3.688888888889374,5,8766
3.6000000000001364,5,8767
3.2000000000007276,5,8768
6.600000000000364,5,8769
5.600000000000624,5,8778
23.371942446043196,5,8780
21.98144329896889,5,8781
19.866666666666887,5,8784
14.864864864864668,5,8785
5.377777777777778,5,8786
1.4181818181814876,5,8788
1.9555555555557982,5,8789
1.6000000000021828,5,8790
15.039999999999418,5,8791
11.822222222222385,5,8792
1.0880000000000294,5,8793
11.999999999998181,5,8795
6.461538461538182,5,8796
6.057142857142026,5,8797
1.7000000000007276,5,8809
2.8000000000006873,5,8810
3.6000000000007275,5,8811
1.2999999999992724,5,8812
6.907317073171145,5,8813
9.827272727271934,5,8816
6.059999999999855,5,8817
8.959999999999127,5,8820
63.84761904761922,5,8821
39.87368421052624,5,8822
9.877227722772336,5,8823
26.640000000000047,5,8824
1.1200000000003638,5,8827
7.359999999999855,5,8829
4.742857142856987,5,8831
14.400000000001455,5,8833
8.799999999999272,5,8834
11.359999999999127,5,8836
11.00000000000091,5,8837
5.280000000000291,5,8838
5.599999999998545,5,8839
4.266666666666424,5,8840
4.463157894737186,5,8841
0.7999999999999999,5,8842
2.6749999999998635,5,8843
0.8000000000004851,5,8844
5.68888888888897,5,8845
5.866666666667395,5,8846
5.485714285713454,5,8850
2.400000000001455,5,8852
6.0,5,8853
5.760000000000946,5,8854
6.799999999999272,5,8855
12.0,5,8857
0.8,5,8858
5.34285714285735,5,8859
0.8000000000007277,5,8869
2.399999999999636,5,8872
0.8000000000004479,5,8873
15.67777777777787,5,8878
15.73333333333317,5,8881
4.0499999999999545,5,8884
3.253333333332557,5,8887
19.959999999999642,5,8888
1.2857142857148314,5,8890
20.705882352941604,5,8891
60.88888888888849,5,8892
4.031999999999971,5,8893
0.8,5,8894
0.7999999999999999,5,8895
2.666666666665454,5,8897
0.7999999999999999,5,8898
6.488888888889455,5,8899
2.4000000000002424,5,8900
0.7999999999999999,5,8901
10.610526315789333,5,8910
0.9142857142861821,5,8912
67.32631578947353,5,8913
4.0,5,8914
0.8,5,8918
1.2000000000010913,5,8919
5.599999999999757,5,8921
0.9454545454550419,5,8922
3.2000000000007276,5,8924
3.574999999999818,5,8925
3.828571428570805,5,8926
0.8000000000002909,5,8927
10.886666666666558,5,8930
2.9119999999995345,5,8935
5.745454545454612,5,8936
5.485714285713974,5,8937
7.999999999999393,5,8940
6.849999999999636,5,8941
0.8,5,8944
0.8,5,8946
3.2000000000007276,5,8950
6.399999999999636,5,8951
5.999999999998181,5,8953
0.8000000000014552,5,8957
6.666666666667273,5,8959
0.7999999999999999,5,8960
7.999999999998181,5,8961
10.399999999999636,5,8962
7.466666666667152,5,8963
0.8000000000009702,5,8964
8.399999999999636,5,8965
0.8000000000009702,5,8966
3.7405405405403833,5,8967
11.799999999999576,5,8968
0.8000000000002909,5,8969
6.9714285714274284,5,8970
9.688888888888565,5,8971
0.7999999999999999,5,8972
12.0,5,8974
3.439999999999782,5,8975
10.474193548387237,5,8978
8.861538461538517,5,8979
7.352380952381057,5,8981
1.7684210526314639,5,8982
2.8210526315792537,5,8985
44.57142857142892,5,8986
3.1999999999989086,5,8989
1.679999999999818,5,8990
0.979999999999418,5,8991
1.1428571428575585,5,8992
0.80000000000097,5,8994
1.4666666666672732,5,8995
1.6500000000014552,5,8996
3.3684210526317706,5,8998
9.33333333333303,5,8999
3.039999999999418,5,9000
0.7999999999999999,5,9001
1.566666666668122,5,9002
2.1714285714289114,5,9004
6.400000000001455,5,9008
0.8872727272734545,5,9011
0.800000000000376,5,9014
0.8000000000009702,5,9016
1.8162162162157833,5,9021
1.213333333333648,5,9022
5.581395348837637,5,9026
0.7999999999999999,5,9027
1.3333333333323631,5,9028
1.142857142857403,5,9030
6.700000000000728,5,9031
0.8,5,9032
0.8,5,9034
4.0,5,9035
0.9,5,9036
2.5600000000013097,5,9037
8.228571428572,5,9038
2.7000000000001214,5,9040
46.399999999999636,5,9044
23.800000000000182,5,9046
7.627272727272529,5,9047
6.200000000000728,5,9048
32.29999999999973,5,9051
2.3999999999998733,5,9061
3.8967741935485396,5,9062
6.599999999999757,5,9063
11.076923076923077,5,9064
38.462499999999935,5,9065
3.142857142857143,5,9066
3.9999999999994404,5,9067
0.8,5,9068
0.8,5,9070
0.8000000000007276,5,9073
0.8000000000004851,5,9075
3.700000000000273,5,9076
1.5999999999985448,5,9077
0.8,5,9078
0.8000000000000004,5,9080
0.8,5,9082
0.8000000000000002,5,9084
0.7999999999999999,5,9086
0.7999999999999999,5,9090
5.257142857142337,5,9094
5.279999999999563,5,9095
8.62222222222206,5,9097
4.177777777777717,5,9099
0.9999999999996363,5,9101
14.979310344827637,5,9102
4.799999999999272,5,9103
1.6000000000021828,5,9105
10.26666666666602,5,9107
5.75,5,9108
5.244444444444121,5,9112
0.8000000000000002,5,9113
1.3000000000017282,5,9114
2.685714285714442,5,9115
3.288888888888727,5,9116
0.866666666666788,5,9119
7.500000000000455,5,9120
0.8000000000014552,5,9123
0.7999999999999999,5,9124
0.7999999999999999,5,9128
11.799999999999272,5,9130
3.855737704918045,5,9132
2.7200000000004367,5,9135
2.7555555555555555,5,9136
5.942857142857455,5,9137
5.100000000000364,5,9138
2.800000000000182,5,9139
6.369999999999709,5,9140
0.8000000000009702,5,9143
2.3999999999992725,5,9144
3.0967741935482698,5,9145
3.8280991735538152,5,9146
21.839999999999783,5,9147
26.596721311475253,5,9149
20.08461538461541,5,9150
22.545454545454547,5,9155
6.048351648351744,5,9156
5.200000000000728,5,9157
8.639999999999418,5,9158
0.7999999999999999,5,9159
36.80000000000008,5,9160
0.8000000000000003,5,9161
12.842105263158086,5,9162
43.44615384615379,5,9163
1.5999999999985448,5,9166
12.799999999999272,5,9168
24.980180180179943,5,9169
8.270769230769442,5,9170
1.9000000000014552,5,9172
10.252631578947145,5,9173
0.8,5,9176
0.8,5,9179
0.8000000000000002,5,9184
3.2285714285714806,5,9188
3.142857142856883,5,9189
5.55384615384565,5,9190
2.1000000000001364,5,9191
7.830303030302854,5,9192
8.799999999999272,5,9196
4.639999999999963,5,9197
2.89230769230786,5,9198
4.542857142857385,5,9199
3.633333333332606,5,9200
45.39999999999918,5,9202
0.8615384615399727,5,9204
39.64444444444436,5,9205
5.322222222221575,5,9206
11.799999999999272,5,9207
4.9888888888886465,5,9208
0.8000000000029104,5,9212
0.8,5,9214
5.099999999998545,5,9217
3.550000000000068,5,9219
1.1333333333335152,5,9221
2.560000000000097,5,9223
8.181818181817851,5,9225
7.530666666666803,5,9228
0.8000000000021827,5,9232
1.1499999999996362,5,9233
2.359999999999127,5,9234
3.4666666666664443,5,9237
0.7999999999999999,5,9238
1.233734939759544,5,9240
0.8000000000000003,5,9244
3.7866666666662296,5,9245
9.200000000000273,5,9254
5.683333333332889,5,9256
12.210526315789474,5,9259
0.8,5,9260
6.400000000000546,5,9261
0.8,5,9264
4.71999999999983,5,9265
0.8000000000003066,5,9266
0.8000000000004479,5,9267
0.9290322580646807,5,9269
0.8615384615388535,5,9270
1.4666666666663428,5,9271
4.600000000000061,5,9274
4.328571428571844,5,9276
5.26451612903193,5,9278
0.8,5,9279
2.933333333333495,5,9284
2.7999999999992724,5,9287
8.0,5,9292
4.9882352941178185,5,9300
48.00000000000052,5,9301
0.8000000000000004,5,9303
2.133333333334425,5,9307
2.3999999999993764,5,9308
4.7666666666658175,5,9311
17.462068965517293,5,9319
5.904761904761732,5,9321
0.8,5,9322
0.7999999999999999,5,9327
1.099999999999909,5,9330
1.5999999999985448,5,9332
0.7999999999999999,5,9333
0.8,5,9335
4.233333333333273,5,9342
6.293333333333188,5,9348
2.227272727272727,5,9352
3.0399999999998544,5,9353
0.7999999999999999,5,9356
6.600000000001273,5,9357
0.8904761904761908,5,9361
3.410526315789627,5,9363
1.0166666666664241,5,9364
0.7999999999999999,5,9366
0.8555555555553938,5,9368
0.8,5,9371
1.1199999999997818,5,9372
0.8000000000007276,5,9375
3.2999999999992724,5,9377
2.0799999999995635,5,9378
16.585074626866007,5,9381
4.399999999999636,5,9384
4.418181818182017,5,9385
5.675675675675479,5,9387
15.850000000000819,5,9388
15.600000000002183,5,9389
2.9599999999998543,5,9390
7.200000000000728,5,9392
12.622222222221252,5,9394
2.8000000000010914,5,9404
11.959999999999672,5,9405
5.422222222222142,5,9406
6.350000000000364,5,9407
5.542857142857819,5,9408
5.7290322580644695,5,9409
4.433333333331878,5,9411
9.363265306122404,5,9413
11.199999999999514,5,9415
23.3600000000004,5,9417
2.0571428571420256,5,9426
19.5692307692301,5,9427
5.633333333335031,5,9430
4.320000000000436,5,9432
7.247058823529454,5,9433
5.439999999999418,5,9435
4.0,5,9436
3.4000000000002424,5,9440
10.316666666666302,5,9446
11.199999999999717,5,9447
11.0,5,9449
1.8000000000003118,5,9450
3.2999999999992724,5,9453
1.6000000000003638,5,9454
59.73333333333115,5,9458
6.933333333333091,5,9459
5.599999999998545,5,9461
2.2153846153845596,5,9468
0.8,5,9469
1.0999999999994543,5,9470
36.159999999999854,5,9471
0.8000000000005821,5,9472
0.7999999999999999,5,9476
2.509090909091438,5,9478
8.444444444444647,5,9479
4.8960000000000585,5,9481
7.899999999999636,5,9482
18.933333333333092,5,9483
7.0303030303027,5,9485
28.771428571428704,5,9487
5.236363636364166,5,9494
0.8000000000001715,5,9496
3.2000000000007276,5,9499
0.8000000000001941,5,9502
1.0666666666674913,5,9506
60.79999999999927,5,9512
4.0,5,9513
7.1199999999993455,5,9516
0.7999999999999999,5,9520
4.457142857142961,5,9521
1.680000000000073,5,9522
0.8615384615385175,5,9524
16.37894736842109,5,9536
0.8,5,9537
20.0,5,9541
2.099999999998545,5,9543
2.057142857143065,5,9546
3.502222222222109,5,9550
0.8000000000000002,5,9551
4.879999999999564,5,9553
45.915492957746736,5,9554
5.530000000000291,5,9556
11.200000000000728,5,9559
2.399999999997817,5,9561
16.34285714285787,5,9562
15.999999999998181,5,9564
0.7999999999999998,5,9567
2.6461538461533984,5,9571
2.356164383561594,5,9572
0.7999999999999986,5,9574
4.0,5,9575
1.1764705882356972,5,9577
3.5333333333337578,5,9585
60.32631578947353,5,9586
2.0869565217389723,5,9590
0.8000000000001619,5,9591
1.2000000000004962,5,9592
4.400000000001455,5,9599
12.66666666666606,5,9602
11.562500000000455,5,9604
0.8,5,9606
9.066666666665697,5,9608
15.040000000000145,5,9611
6.400000000001455,5,9612
12.799999999999793,5,9613
16.80000000000109,5,9614
0.8000000000002795,5,9615
3.6461538461537484,5,9616
8.021052631578948,5,9618
0.8,5,9621
5.1199999999993455,5,9622
4.300000000000182,5,9623
1.7333333333323633,5,9624
11.010909090909262,5,9625
8.356435643564213,5,9627
4.399999999999636,5,9630
5.142857142856103,5,9637
4.987499999999727,5,9645
5.291228070175349,5,9646
3.3407407407408014,5,9647
3.720754716981146,5,9648
2.585714285714078,5,9649
3.2999999999992724,5,9650
2.0,5,9656
6.599999999999454,5,9664
7.200000000000728,5,9665
10.199999999998909,5,9666
5.599999999998545,5,9667
59.46666666666715,5,9668
3.5999999999994543,5,9670
0.8857142857143901,5,9671
0.8242424242428215,5,9675
8.676923076923114,5,9677
0.800000000000475,5,9680
0.7999999999999999,5,9682
1.4564102564102746,5,9683
11.200000000000356,5,9684
1.9826086956525217,5,9685
11.234782608695715,5,9687
10.39999999999994,5,9688
13.244444444444294,5,9689
51.68484848484822,5,9691
23.86415094339621,5,9693
28.96507936507941,5,9697
23.63870967741933,5,9702
0.9000000000006491,5,9704
0.8000000000001821,5,9708
0.8000000000002145,5,9709
38.31341463414644,5,9712
0.8000000000004162,5,9714
6.7428571428573765,5,9716
8.649999999999636,5,9717
8.480000000000292,5,9719
4.611764705882053,5,9720
9.777777777777779,5,9722
12.799999999999793,5,9724
5.759999999999127,5,9725
4.325925925926033,5,9726
1.5999999999993844,5,9727
8.959999999999127,5,9729
0.8000000000006716,5,9730
0.8,5,9731
14.707692307692083,5,9732
10.400000000000727,5,9733
7.199999999998909,5,9734
9.090909090909092,5,9735
11.400000000000546,5,9736
6.3000000000014555,5,9737
11.56666666666691,5,9738
15.525000000000091,5,9739
6.399999999997817,5,9740
16.204999999999963,5,9741
11.233333333333576,5,9742
12.160000000000219,5,9743
5.599999999999454,5,9745
5.866666666666181,5,9746
17.600000000000623,5,9748
5.9999999999990905,5,9750
6.000000000001819,5,9751
5.600000000000364,5,9752
4.0,5,9755
3.800000000000182,5,9757
13.200000000002547,5,9758
14.799999999999272,5,9759
0.8000000000009702,5,9765
6.545454545454215,5,9768
26.400000000001455,5,9769
8.45714285714296,5,9776
20.5,5,9777
0.8,5,9778
7.599999999999454,5,9779
5.200000000000728,5,9780
7.200000000000728,5,9782
9.73793103448306,5,9786
28.34285714285735,5,9789
8.799999999999272,5,9790
6.057142857143065,5,9791
6.400000000000243,5,9792
1.994444444444684,5,9794
2.1333333333328484,5,9799
21.209459459459563,5,9803
26.309836065573855,5,9806
6.933333333331878,5,9808
0.8000000000000002,5,9809
5.599999999998545,5,9810
5.066666666666909,5,9811
4.799999999999272,5,9813
7.599999999999454,5,9814
4.799999999999272,5,9815
1.6000000000021828,5,9819
1.1520000000001749,5,9821
0.8000000000001821,5,9822
11.733333333333576,5,9823
1.4000000000005457,5,9826
1.0461538461548536,5,9831
0.8000000000000002,5,9833
14.159999999999126,5,9838
3.400000000000156,5,9840
4.0,5,9842
2.8000000000010914,5,9843
15.88571428571387,5,9846
0.7999999999999999,5,9847
6.400000000001455,5,9848
7.466666666666242,5,9849
0.8,5,9854
3.6631578947367656,5,9858
12.350000000000136,5,9861
10.828571428571324,5,9864
2.3,5,9865
9.287804878048604,5,9866
5.79130434782596,5,9867
0.8,5,9871
1.5999999999985448,5,9873
2.5999999999994543,5,9874
5.950561797752931,5,9875
2.5931034482757744,5,9876
7.199999999998909,5,9878
0.8320000000005379,5,9880
9.391780821917743,5,9882
16.219354838709773,5,9885
13.34603174603185,5,9886
12.799999999999272,5,9888
235.54285714285757,5,9889
4.799999999999272,5,9895
19.200000000000728,5,9898
0.8,5,9907
3.999999999998787,5,9909
6.549999999999272,5,9910
4.3999999999999995,5,9913
5.900000000000243,5,9914
11.899999999999636,5,9915
0.8000000000000002,5,9921
8.685714285714182,5,9925
9.546666666666958,5,9926
0.8000000000003233,5,9933
53.400000000001455,5,9936
7.911111111111192,5,9937
6.742857142857247,5,9939
13.552941176470888,5,9940
5.399999999999636,5,9944
4.373333333332994,5,9945
2.8249999999989086,5,9946
6.400000000000243,5,9948
13.371428571427325,5,9949
21.759999999999856,5,9951
9.688888888889117,5,9953
0.8,5,9954
12.0,5,9960
16.00000000000182,5,9975
0.8,5,9981
4.80000000000291,5,9985
9.600000000000364,5,9986
4.0,5,9988
1.4857142857141816,5,9989
3.4666666666671517,5,9990
3.670588235293989,5,9993
2.400000000001455,5,9995
11.599999999999454,5,9997
3.7103448275859687,5,9998
4.7529411764703315,5,9999
1.1764705882358077,5,10000
1.2400000000003635,5,10001
3.435294117646716,5,10004
3.6745762711863668,5,10005
25.11999999999995,5,10006
3.6799999999995636,5,10013
6.914285714286182,5,10015
26.888135593220365,5,10022
9.699999999999752,5,10024
7.999999999999918,5,10025
6.400000000000243,5,10034
15.599999999998545,5,10037
4.0,5,10041
4.67586206896553,5,10042
4.5866666666668605,5,10043
0.8,5,10045
4.528813559322354,5,10046
1.6000000000006367,5,10047
0.8,5,10050
5.407894736842009,5,10052
21.217391304347906,5,10053
9.763265306122108,5,10054
3.0000000000003033,5,10055
2.7999999999995597,5,10056
2.000000000001819,5,10057
6.116129032258135,5,10059
0.8,5,10060
11.815384615384504,5,10063
6.000000000000455,5,10064
2.0799999999995635,5,10065
1.919999999999709,5,10066
6.399999999997817,5,10067
5.600000000000728,5,10071
2.159999999999127,5,10074
6.478048780487237,5,10077
0.8,5,10078
6.399999999999944,5,10081
2.329411764706439,5,10082
2.609230769230691,5,10083
1.7599999999998546,5,10085
4.160000000000291,5,10086
7.200000000000728,5,10087
6.0,5,10088
1.2000000000002424,5,10089
47.97647058823534,5,10090
0.8000000000000822,5,10091
1.920000000001164,5,10092
12.03333333333394,5,10098
16.977777777777696,5,10099
3.1999999999989086,5,10104
0.8,5,10110
0.8000000000003427,5,10115
3.2941176470588234,5,10116
1.3000000000001821,5,10117
12.331034482758884,5,10118
43.93846153846176,5,10121
1.7230769230768113,5,10123
1.4045801526719788,5,10128
8.214084507042315,5,10129
1.9999999999996363,5,10130
4.371291866028871,5,10131
1.1428571428573708,5,10132
0.8,5,10134
8.879999999999564,5,10135
17.801526717557454,5,10136
19.200000000000873,5,10137
5.422950819672149,5,10138
28.0,5,10140
3.6487804878049315,5,10142
3.7694915254237533,5,10143
20.00000000000121,5,10144
0.8,5,10151
6.0,5,10152
8.99999999999909,5,10153
6.341818181818248,5,10157
3.7217391304347984,5,10158
5.237500000000182,5,10159
2.4888888888886465,5,10165
6.400000000001455,5,10166
16.000000000000405,5,10168
5.816216216215842,5,10169
10.11428571428509,5,10170
4.977777777776889,5,10171
7.439999999999782,5,10172
1.1999999999996365,5,10174
5.066666666666909,5,10175
1.3333333333333333,5,10176
2.0,5,10177
1.3333333333327673,5,10179
5.054545454545322,5,10180
1.9272727272724628,5,10181
1.6,5,10183
1.3333333333327673,5,10185
0.8,5,10187
10.11428571428561,5,10191
7.200000000000728,5,10192
39.839999999999904,5,10194
1.5529411764703316,5,10196
3.799999999999727,5,10197
33.511111111111354,5,10198
1.1200000000001453,5,10199
1.5466666666665212,5,10200
0.7999999999999999,5,10201
7.999999999999273,5,10203
7.37777777777794,5,10207
49.31428571428608,5,10209
6.240000000000146,5,10211
32.755555555555596,5,10213
36.80000000000109,5,10215
11.314285714285818,5,10216
49.879999999999924,5,10217
3.519999999999709,5,10219
3.6571428571433424,5,10221
6.133333333332,5,10224
1.799999999998363,5,10225
30.509090909090446,5,10229
2.400000000001455,5,10230
11.016666666668243,5,10231
6.012499999999818,5,10232
5.685714285714182,5,10233
9.634782608695431,5,10240
0.8296296296298995,5,10242
11.36470588235277,5,10243
7.65714285714265,5,10244
8.584615384615132,5,10245
1.5999999999992724,5,10247
4.5,5,10249
3.2000000000007276,5,10251
7.8400000000001455,5,10253
1.7999999999989087,5,10255
2.133333333335031,5,10257
7.900000000000091,5,10261
10.399999999999636,5,10262
9.06666666666691,5,10263
4.133333333333212,5,10266
2.400000000001455,5,10267
3.8857142857142857,5,10268
5.466666666666182,5,10269
1.900000000000091,5,10270
4.399999999999636,5,10271
4.800000000000182,5,10274
4.799999999999272,5,10275
5.439999999999418,5,10276
4.666666666666182,5,10277
4.9999999999990905,5,10278
11.070967741935625,5,10280
5.309090909090711,5,10281
0.7999999999999983,5,10283
2.5066666666670545,5,10284
13.30909090909068,5,10286
5.950000000000728,5,10289
30.019230769230862,5,10291
28.99379310344823,5,10292
23.225000000000062,5,10294
19.154285714285443,5,10296
5.454545454545785,5,10298
9.333333333333334,5,10302
14.0,5,10304
19.029787234042583,5,10308
3.641121495327157,5,10310
3.7000000000007276,5,10312
4.099999999999454,5,10314
0.8000000000003427,5,10315
8.0,5,10316
14.400000000000151,5,10319
11.879245283018978,5,10320
24.556097560975726,5,10321
18.584615384615763,5,10322
2.319999999999891,5,10325
13.14999999999994,5,10326
5.066666666666303,5,10327
6.399999999999636,5,10328
12.581818181818313,5,10331
0.960000000000291,5,10334
2.8500000000001364,5,10335
3.600000000002183,5,10336
11.200000000000728,5,10337
12.685714285714182,5,10341
0.94615384615407,5,10343
2.400000000001455,5,10344
10.800000000000363,5,10346
2.399999999999333,5,10348
3.1466666666664724,5,10349
1.6761904761905457,5,10350
2.9090909090906885,5,10351
8.799999999999768,5,10353
0.8,5,10356
1.6000000000021828,5,10357
7.466666666666113,5,10359
0.8,5,10361
4.533333333334061,5,10362
4.857142857142857,5,10363
7.066666666666909,5,10364
5.866666666666181,5,10365
6.61333333333314,5,10366
6.333333333333333,5,10367
66.15384615384588,5,10368
9.33333333333368,5,10369
6.72941176470554,5,10370
4.720000000000255,5,10371
3.911111111111192,5,10372
3.507692307691916,5,10373
6.285714285713593,5,10374
6.00000000000078,5,10375
11.466666666667152,5,10376
3.771428571428606,5,10378
4.133333333333819,5,10379
46.84000000000051,5,10380
10.800000000000182,5,10381
13.238709677419168,5,10382
11.00000000000091,5,10383
0.8000000000000002,5,10384
1.1636363636369367,5,10385
25.236363636363503,5,10386
11.500000000000727,5,10390
11.200000000000728,5,10392
52.35555555555644,5,10393
3.542857142857039,5,10394
3.800000000000182,5,10400
18.20588235294107,5,10402
6.9999999999990905,5,10407
12.188235294117904,5,10415
3.509999999999491,5,10423
1.1199999999999999,5,10424
8.421052631578755,5,10425
2.6666666666659737,5,10426
5.099999999999909,5,10428
8.300000000000182,5,10433
32.290909090908826,5,10434
0.8000000000007276,5,10435
2.400000000001455,5,10436
0.8000000000000002,5,10437
5.599999999998545,5,10439
2.199999999999818,5,10441
2.400000000001455,5,10442
0.8,5,10443
2.299999999999727,5,10444
7.099999999998545,5,10448
6.694736842105014,5,10449
6.742857142857247,5,10451
12.399999999999636,5,10452
33.28571428571455,5,10453
21.399999999999636,5,10454
18.25000000000032,5,10455
1.7714285714286881,5,10456
6.1,5,10458
33.999999999999936,5,10459
36.16000000000039,5,10462
1.7600000000004368,5,10463
2.5442622950822775,5,10464
8.0,5,10465
7.600000000000364,5,10467
9.920000000001163,5,10469
0.8000000000000002,5,10471
3.0499999999998786,5,10473
5.999999999998181,5,10474
2.1600000000000366,5,10475
2.1714285714287276,5,10476
5.200000000000728,5,10477
13.349999999998545,5,10478
7.737499999999852,5,10479
8.708571428571096,5,10480
0.8000000000000962,5,10482
6.4739495798321895,5,10489
9.600000000002183,5,10493
0.8999999999978172,5,10495
0.8,5,10496
4.0,5,10499
0.8000000000003972,5,10501
6.200000000000728,5,10505
4.200000000000728,5,10507
1.5259259259261682,5,10509
3.547169811320823,5,10513
1.5999999999997574,5,10514
6.633333333333819,5,10515
0.8,5,10517
3.771428571428779,5,10518
0.8,5,10519
1.066666666667394,5,10521
9.444660194174714,5,10524
3.666666666667273,5,10526
2.5249999999987267,5,10527
10.453333333333648,5,10528
18.81428571428569,5,10529
1.240000000000291,5,10530
0.8,5,10531
4.799999999999272,5,10532
0.8000000000000004,5,10534
1.157894736842641,5,10535
1.5105263157896076,5,10536
1.8000000000002276,5,10537
12.266666666666424,5,10538
2.2000000000007276,5,10539
0.8,5,10542
2.9859154929579512,5,10543
1.1200000000001455,5,10547
25.866666666667637,5,10548
6.472727272726678,5,10551
8.735294117647058,5,10552
3.412500000000205,5,10553
0.886486486487234,5,10554
0.8000000000001336,5,10556
3.999999999999669,5,10559
0.8000000000005546,5,10560
4.799999999999879,5,10562
2.449999999999818,5,10563
2.0666666666656965,5,10564
1.3875000000008186,5,10565
2.4250000000010914,5,10566
1.8999999999997272,5,10568
0.7999999999999999,5,10569
0.7999999999999999,5,10574
5.466666666665939,5,10579
10.125,5,10580
6.600000000000624,5,10584
44.96842105263185,5,10585
5.119999999999709,5,10586
4.2333333333323635,5,10587
6.724999999999454,5,10588
2.400000000001455,5,10593
7.079999999999927,5,10595
1.7230769230762515,5,10597
0.8,5,10599
3.3333333333321207,5,10601
3.2000000000007276,5,10602
6.066666666667061,5,10606
26.200000000000273,5,10607
0.975000000000546,5,10608
2.6666666666666665,5,10609
2.0499999999996765,5,10610
1.6000000000021828,5,10617
2.2999999999992724,5,10618
2.3874999999995907,5,10621
4.0,5,10622
0.8,5,10624
1.9000000000014552,5,10625
0.8,5,10627
5.788235294118374,5,10628
0.8,5,10631
1.899999999999776,5,10632
1.0000000000000908,5,10633
5.583333333332121,5,10634
1.120000000000485,5,10635
4.2500000000009095,5,10637
3.7000000000007276,5,10638
2.231578947368536,5,10639
38.31111111111031,5,10640
0.7999999999999999,5,10641
7.56363636363643,5,10642
7.563636363636099,5,10643
2.399999999997817,5,10647
4.986666666666766,5,10648
3.111111111111313,5,10652
0.8000000000000002,5,10653
6.400000000001455,5,10656
5.799999999999272,5,10657
0.8,5,10658
0.8400000000004004,5,10659
2.4349999999998544,5,10660
1.6000000000006065,5,10661
2.5599999999998544,5,10662
1.8666666666666665,5,10663
0.8000000000000002,5,10665
0.8,5,10666
1.1800000000000002,5,10668
1.0166666666667878,5,10669
0.8,5,10670
1.9130434782605532,5,10671
33.247999999999884,5,10672
3.2000000000007276,5,10673
3.400000000001455,5,10674
28.33333333333218,5,10676
4.199999999999818,5,10677
1.0799999999995635,5,10679
3.8400000000001455,5,10681
5.549999999999879,5,10683
4.400000000000546,5,10686
0.820000000000291,5,10687
3.75,5,10688
8.3733333333336,5,10689
19.219512195122086,5,10694
0.8000000000000002,5,10696
11.599999999999454,5,10697
37.835294117647315,5,10698
6.030769230768643,5,10699
8.127536231883889,5,10700
3.629268292682998,5,10701
1.8857142857143185,5,10703
3.075555555555507,5,10705
28.246153846153902,5,10706
7.736363636363174,5,10709
3.2,5,10710
66.90769230769253,5,10711
11.91666666666697,5,10712
1.15,5,10713
6.755555555555475,5,10714
7.599999999998545,5,10715
6.200000000000273,5,10717
7.200000000000728,5,10718
8.099999999998545,5,10719
6.800000000001091,5,10720
0.8,5,10721
1.0777777777783437,5,10722
4.533333333334465,5,10723
6.666666666666667,5,10724
8.000000000001819,5,10725
21.74545454545432,5,10726
0.8000000000000002,5,10727
6.500000000000455,5,10728
19.308108108108165,5,10730
7.466666666665939,5,10731
6.56000000000131,5,10733
47.555555555555394,5,10734
2.2720000000004075,5,10735
7.391044776119332,5,10736
0.8251968503938883,5,10737
0.8000000000002011,5,10740
0.8,5,10742
0.8,5,10743
0.8000000000029104,5,10747
0.8101910828025458,5,10759
0.8000000000003292,5,10760
0.8201257861636257,5,10761
0.8000000000000002,5,10766
0.8000000000002909,5,10776
0.8000000000003749,5,10782
0.8888888888891316,5,10783
0.8000000000003066,5,10784
0.97777777777794,5,10787
0.8000000000004851,5,10790
0.8000000000004854,5,10795
1.0823529411769197,5,10799
0.8500000000003187,5,10800
0.8000000000002646,5,10801
0.7999999999999999,5,10802
0.8000000000002159,5,10805
0.8000000000000002,5,10810
0.8000000000002647,5,10816
0.8000000000007277,5,10817
0.8000000000005822,5,10819
1.1200000000001455,5,10821
0.8,5,10822
0.8,5,10824
0.8,5,10826
0.8,5,10829
0.8000000000000003,5,10831
0.8000000000002909,5,10834
5.14666666666684,5,10838
0.8,5,10839
1.16363636363643,5,10841
0.9333333333335759,5,10843
0.8000000000000003,5,10844
0.8,5,10845
0.7999999999999999,5,10846
0.8615384615388192,5,10858
0.80000000000097,5,10859
0.8,5,10861
0.8000000000004157,5,10865
0.8000000000004008,5,10866
0.8000000000003638,5,10867
0.8,5,10869
0.8000000000000002,5,10872
1.2800000000000002,5,10874
0.8000000000003638,5,10875
0.7999999999999999,5,10877
0.8,5,10878
0.8000000000002733,5,10881
0.8,5,10883
0.8363636363640996,5,10885
0.8000000000001715,5,10886
0.8,5,10888
0.8000000000000002,5,10890
2.3000000000006366,5,10892
0.7999999999999999,5,10893
0.8000000000005458,5,10895
0.7999999999999999,5,10897
0.8275862068970038,5,10901
0.8266666666668125,5,10903
1.1999999999992723,5,10913
1.0758620689656682,5,10914
0.8,5,10915
1.2700000000002878,5,10917
0.8,5,10921
0.8,5,10926
0.8,5,10927
0.8000000000004851,5,10929
0.8,5,10930
1.2799999999992724,5,10933
0.9777777777780611,5,10941
1.0105263157894355,5,10942
0.8,5,10943
1.3333333333336637,5,10944
0.7999999999999999,5,10947
0.8,5,10949
0.8,5,10954
1.0285714285715588,5,10955
1.920000000000014,5,10957
0.8000000000003233,5,10958
0.8000000000001942,5,10960
0.9142857142861823,5,10961
0.800000000000208,5,10962
0.7999999999999999,5,10963
0.8,5,10969
0.8,5,10971
0.7999999999999999,5,10975
0.8000000000000002,5,10981
0.8137931034488023,5,10984
0.8,5,10985
0.8000000000001423,5,10991
0.8533333333332365,5,10995
0.8,5,11004
0.8000000000001006,5,11006
0.8,5,11007
0.7999999999999999,5,11009
0.8,5,11010
0.8000000000000974,5,11012
0.8,5,11013
0.8000000000000002,5,11017
1.2957746478876204,5,11023
0.800000000000208,5,11024
0.8000000000006717,5,11025
0.7999999999999999,5,11026
1.2857142857144939,5,11034
0.8000000000002646,5,11039
0.8,5,11040
0.8000000000002159,5,11045
0.7999999999999999,5,11049
0.7999999999999999,5,11050
1.2000000000010913,5,11051
1.0064516129035312,5,11052
0.8,5,11054
0.872727272727653,5,11056
0.8000000000002082,5,11057
0.7999999999999999,5,11062
0.8,5,11063
0.7999999999999999,5,11069
0.8000000000003231,5,11070
0.7999999999999988,5,11072
0.7999999999999994,5,11073
0.8,5,11075
0.9142857142862038,5,11078
0.8,5,11083
1.3538461538461537,5,11084
0.8,5,11087
0.7999999999999999,5,11088
0.800000000000224,5,11089
0.7999999999999999,5,11090
0.8000000000000002,5,11091
0.7999999999999996,5,11092
0.8,5,11093
0.8000000000000002,5,11094
0.8000000000005821,5,11097
0.8,5,11098
0.8000000000005821,5,11106
1.133333333333717,5,11107
0.8000000000000002,5,11108
0.8186046511630348,5,11110
0.8000000000000002,5,11121
1.661538461538897,5,11127
1.6099999999998449,5,11128
1.4391061452517533,5,11129
0.800000000000514,5,11131
0.8,5,11136
0.8000000000001882,5,11147
0.7999999999999999,5,11148
0.800000000000086,5,11149
9.460869565217395,5,11159
0.8941176470593801,5,11166
1.2000000000010913,5,11168
0.8533333333332364,5,11169
1.3500000000005006,5,11170
0.9176470588239245,5,11171
0.800000000000613,5,11172
0.9043478260872099,5,11173
0.8615384615388535,5,11174
1.04,5,11175
0.984615384616504,5,11176
0.8065040650407789,5,11177
0.9454545454546449,5,11178
0.9826484018267327,5,11183
0.8,5,11189
0.800000000000086,5,11190
0.9066666666666913,5,11192
1.2799999999999714,5,11193
0.8705882352942464,5,11194
0.8000000000000002,5,11195
2.580645161290381,5,11196
0.8148148148152187,5,11199
0.8,5,11201
1.200000000000182,5,11202
0.8,5,11204
0.8,5,11205
0.986046511628008,5,11208
1.5441860465120583,5,11209
1.400000000000182,5,11210
0.8,5,11215
0.8000000000001166,5,11216
1.0322580645163173,5,11217
1.4476190476192212,5,11218
1.0000000000001368,5,11219
0.9600000000010187,5,11220
0.8551724137934917,5,11221
0.9538461538467699,5,11222
0.8000000000005293,5,11223
0.8000000000006616,5,11225
1.723076923077035,5,11226
0.7999999999999999,5,11228
1.1428571428572818,5,11230
0.8000000000000002,5,11231
0.8,5,11232
0.8,5,11236
0.8,5,11238
1.0236966824649374,5,11239
1.3844559585493346,5,11246
1.531531531531752,5,11248
0.9130434782609315,5,11250
1.200000000000182,5,11252
0.8000000000003233,5,11253
0.8000000000007278,5,11254
0.9882352941176902,5,11255
1.2238410596028757,5,11256
0.8,5,11271
1.7750000000000223,5,11282
0.8000000000002851,5,11283
5.43448275862109,5,11286
0.9714285714290395,5,11287
0.7999999999999999,5,11288
1.6800000000003343,5,11289
2.4444444444449425,5,11290
4.909803921569058,5,11291
1.6217687074832847,5,11292
0.8000000000001436,5,11295
0.8307692307695109,5,11296
0.8000000000002079,5,11298
0.800000000000077,5,11300
0.8000000000000222,5,11301
0.977777777777871,5,11305
0.9081081081087966,5,11307
0.8000000000004479,5,11308
0.8,5,11309
0.8000000000000462,5,11318
0.8000000000009702,5,11319
1.3560283687944306,5,11320
1.6000000000001116,5,11321
0.8470588235297117,5,11322
1.4008583690991623,5,11323
1.7411764705884702,5,11324
0.8774193548394611,5,11328
0.8000000000002885,5,11336
0.8,5,11341
2.099363057325037,5,11342
0.8000000000003993,5,11345
0.8000000000001137,5,11346
1.5152941176474926,5,11347
1.507692307692839,5,11350
0.899999999999955,5,11352
0.8000000000005821,5,11354
1.0375000000001808,5,11355
0.8000000000003797,5,11356
1.4315789473686373,5,11357
0.850000000000205,5,11358
1.387755102040756,5,11360
1.2595744680855718,5,11361
1.2000000000005209,5,11362
1.4666666666680008,5,11363
0.8000000000000003,5,11364
0.8955223880602873,5,11365
0.8000000000003638,5,11367
1.3853658536588205,5,11368
0.8000000000002909,5,11369
1.3476923076924987,5,11370
1.550000000000455,5,11371
0.822535211267819,5,11376
0.9066666666666414,5,11378
0.7999999999999999,5,11380
0.8000000000003233,5,11381
0.8,5,11382
0.8000000000001266,5,11388
1.1636363636372236,5,11389
0.8,5,11390
0.8,5,11392
0.8400000000006005,5,11394
0.800000000000224,5,11396
0.8000000000001942,5,11399
0.8,5,11404
1.726315789473378,5,11407
4.773333333333591,5,11408
1.3278350515468185,5,11409
2.1930348258708356,5,11410
0.8,5,11412
0.8340425531916906,5,11414
3.806060606060907,5,11419
0.8000000000000003,5,11427
0.8000000000002647,5,11429
0.8,5,11432
0.8000000000003881,5,11433
0.962711864407124,5,11434
0.9142857142864419,5,11439
0.8000000000000002,5,11440
0.8140350877196424,5,11443
1.793684210526308,5,11444
1.555555555555879,5,11446
0.8000000000000002,5,11452
0.8369230769232777,5,11454
0.8930232558145118,5,11455
0.7999999999999999,5,11457
0.8000000000014551,5,11458
0.8000000000003882,5,11461
1.3714285714290912,5,11464
0.9904761904768659,5,11467
0.8000000000002649,5,11492
0.8000000000000002,5,11495
1.1599999999999275,5,11496
0.8533333333336713,5,11498
0.807476635514439,5,11499
0.8112676056338736,5,11500
0.8000000000001715,5,11501
0.8,5,11502
1.234782608695975,5,11505
0.8037914691943658,5,11508
0.8000000000000225,5,11509
1.0560000000003624,5,11510
6.156097560975441,5,11514
1.8105263157897036,5,11517
0.8000000000009702,5,11520
1.1076923076929235,5,11521
0.8000000000001455,5,11522
0.9739130434786093,5,11524
0.8000000000001584,5,11527
1.1636363636369593,5,11528
0.8000000000005821,5,11529
1.1478260869567267,5,11532
0.8201257861637035,5,11536
0.8000000000004315,5,11541
0.800000000000131,5,11552
0.8000000000001668,5,11553
0.8000000000003809,5,11565
0.8000000000001325,5,11568
1.0080000000003926,5,11570
1.3333333333338189,5,11572
0.9600000000005088,5,11573
0.8,5,11574
0.8000000000000003,5,11575
1.4181818181812893,5,11576
2.141176470588278,5,11580
0.8000000000003233,5,11581
0.8695652173914311,5,11582
0.8888888888890505,5,11583
0.8000000000004851,5,11584
0.7999999999999999,5,11585
0.8000000000004851,5,11586
1.3142857142854025,5,11590
0.8000000000007277,5,11593
1.6999999999999091,5,11594
1.2666666666673336,5,11595
0.8,5,11596
1.0181818181820828,5,11600
0.8000000000001397,5,11601
1.0051282051281676,5,11603
0.9600000000010187,5,11608
0.8000000000004851,5,11609
1.066666666667394,5,11610
0.9999999999996363,5,11611
3.2000000000007276,5,11612
0.8000000000000004,5,11613
0.7999999999999999,5,11622
0.8,5,11623
0.8,5,11626
0.8,5,11628
0.8000000000004598,5,11630
0.9230769230772029,5,11631
0.9785714285717327,5,11633
0.9142857142855062,5,11634
0.8,5,11635
0.8000000000002706,5,11638
2.056603773585129,5,11642
0.8888888888894547,5,11645
0.8109589041098514,5,11649
0.9846153846153847,5,11650
0.8000000000007763,5,11652
1.018181818182678,5,11656
0.8000000000007276,5,11657
0.8000000000000002,5,11658
0.830379746835654,5,11659
1.0461538461538462,5,11663
1.250000000000955,5,11668
0.8000000000011642,5,11669
0.8108108108113901,5,11670
0.8,5,11673
0.8533333333334789,5,11677
1.4000000000007276,5,11681
0.8,5,11685
0.8,5,11687
0.8000000000006575,5,11688
0.8000000000003014,5,11690
0.7999999999999999,5,11691
0.8000000000001541,5,11692
0.8000000000001879,5,11694
0.8315789473684966,5,11697
1.777777777778344,5,11699
0.8,5,11710
0.8210526315793006,5,11715
0.8213333333335747,5,11717
0.8,5,11719
0.8000000000002967,5,11723
0.8000000000004481,5,11725
1.2800000000001455,5,11726
0.8,5,11728
0.8000000000000004,5,11730
0.8144144144147342,5,11731
1.196581196581464,5,11732
0.8078431372549147,5,11733
0.8000000000000002,5,11734
0.7999999999999999,5,11735
0.799999999999999,5,11736
0.8,5,11737
0.8000000000003411,5,11740
0.8000000000003495,5,11748
0.8000000000000002,5,11751
0.7999999999999982,5,11756
0.8086021505376173,5,11759
0.7999999999999999,5,11760
0.7999999999999987,5,11762
0.8000000000003007,5,11763
0.7999999999999999,5,11771
0.8000000000007941,5,11784
0.800000000000208,5,11785
0.7999999999999999,5,11786
0.800000000000282,5,11787
0.8,5,11791
1.1487179487180976,5,11795
0.7999999999999999,5,11797
0.8000000000001458,5,11798
0.8,5,11800
10.776470588235341,5,11803
0.7999999999999999,5,11804
0.8000000000000835,5,11807
0.7999999999999999,5,11810
0.8,5,11813
0.8705882352943093,5,11818
1.0461538461540143,5,11827
0.8,5,11828
0.8380952380954114,5,11829
1.3200000000004362,5,11830
0.8000000000004851,5,11831
0.7999999999999985,5,11833
0.902970297029752,5,11835
0.8842105263161343,5,11836
0.8,5,11838
0.8000000000000393,5,11849
0.8000000000001326,5,11851
0.8,5,11861
0.800000000000208,5,11866
0.8000000000000004,5,11867
0.8627450980394292,5,11870
0.8000000000000002,5,11872
0.8,5,11874
0.7999999999999999,5,11878
1.27659574468099,5,11886
0.8,5,11894
0.8000000000003882,5,11906
0.8000000000001044,5,11907
0.7999999999999999,5,11908
0.7999999999999999,5,11911
0.7999999999999999,5,11912
0.8000000000003233,5,11913
0.8000000000006467,5,11914
0.8000000000004263,5,11916
0.8000000000002909,5,11917
0.8000000000001607,5,11919
0.8,5,11920
5.059459459459286,5,11924
0.7999999999999999,5,11927
0.8000000000000002,5,11929
7.27058823529399,5,11932
0.8986301369867019,5,11934
0.7999999999999986,5,11937
1.2000000000010913,5,11939
0.8500000000001368,5,11944
0.8000000000002647,5,11948
0.8000000000004851,5,11949
0.8000000000003236,5,11950
0.8000000000000002,5,11952
0.827586206896594,5,11956
0.800000000000058,5,11960
0.8,5,11961
0.8,5,11962
0.8000000000000003,5,11963
1.1885714285716777,5,11964
0.8000000000005821,5,11965
0.8000000000001715,5,11966
0.9355932203392469,5,11968
1.2869565217396686,5,11973
0.8000000000003638,5,11976
0.7999999999999999,5,11978
0.8521739130436521,5,11980
1.700000000000455,5,11982
0.9945945945947714,5,11984
0.8484848484849578,5,11986
0.8000000000006066,5,11989
0.8000000000001535,5,11991
0.8000000000003641,5,11996
0.8000000000001881,5,11997
1.920000000000534,5,11999
0.8,5,12001
0.8000000000003638,5,12005
0.8,5,12006
0.8000000000004599,5,12008
0.8242424242429318,5,12012
1.548387096774874,5,12017
6.5674418604652915,5,12018
0.8,5,12020
1.8080000000004952,5,12021
0.8,5,12022
0.8551724137932293,5,12023
0.800000000000784,5,12024
0.8000000000003638,5,12025
0.7999999999999999,5,12026
0.7999999999999999,5,12028
0.8000000000001942,5,12032
0.8,5,12034
0.7999999999999999,5,12039
0.7999999999999995,5,12042
0.8673684210527988,5,12045
0.8000000000000002,5,12048
0.9481481481487414,5,12053
0.8000000000004157,5,12055
0.8000000000000003,5,12056
0.7999999999999999,5,12058
0.8000000000001423,5,12060
0.7999999999999987,5,12061
0.7999999999999999,5,17770
6.674285714285673,5,17772
0.9454545454546119,5,17773
4.626086956521726,5,17959
0.8000000000002045,5,17960
0.7999999999999989,5,17961
0.7999999999999997,5,17962
0.8000000000000371,5,17963
0.8000000000000003,5,17964
0.8000000000000002,5,17965
0.8,5,18001
0.8000000000000002,5,18002
0.8000000000000003,5,18005
0.8,5,18148
0.8,5,18149
0.8,5,18150
0.8000000000000002,5,18151
2.0760330578514696,5,18165
0.7999999999999999,5,18166
0.8000000000003529,5,18167
0.8000000000000695,5,18169
0.7999999999999999,5,18170
0.8000000000000664,5,18171
1.836000000000019,5,18184
0.8173913043478577,5,18186
0.7999999999999999,5,18188
0.7999999999999989,5,18190
0.7999999999999999,5,18192
0.8000000000000002,5,18212
0.8000000000001357,5,18414
0.8000000000000913,5,18417
1.5058823529412326,5,18466
0.7999999999999999,5,18467
0.7999999999999999,5,18468
0.7999999999999999,5,18469
0.8,5,18470
0.8000000000000004,5,18471
0.8000000000000002,5,18472
1.2000000000001068,5,18720
0.8,5,18721
0.8,5,18722
0.800000000000216,5,18723
0.8,5,18734
0.8,5,18735
0.8000000000000002,5,18736
0.8,5,18815
0.8,5,18816
0.8,5,19195
0.8,5,19196
0.8,5,19198
0.8,5,19524
0.8,5,19525
0.8,5,19526
0.8000000000003233,5,19541
0.8,5,19542
0.8,5,19554
0.8,5,19555
0.7999999999999999,5,19556
0.8000000000000002,5,19669
0.8,5,19670
0.8,5,19671
0.7999999999999999,5,19725
0.8,5,19726
0.7999999999999999,5,19727
0.8000000000000002,5,19775
0.7999999999999999,5,19776
0.7999999999999999,5,19777
0.7999999999999999,5,19778
0.7999999999999999,5,19792
0.8,5,19794
0.8000000000000002,5,19796
0.7999999999999999,5,19798
0.8000000000005821,5,19814
0.8,5,19816
0.8571428571427534,5,19831
0.8000000000000002,5,19832
0.8,5,19833
0.7999999999999999,5,19834
0.8000000000001584,5,19845
2.1999999999997617,5,19851
0.8000000000000002,5,19852
0.8000000000001124,5,19853
0.8,5,19854
0.8000000000001942,5,19855
0.8000000000003238,5,19856
3.9040000000001163,5,19868
0.7999999999999999,5,19869
0.8,5,19870
0.8000000000004366,5,19871
0.9714285714287275,5,19873
0.8,5,20096
0.8,5,20097
0.8,5,20111
0.8,5,20112
0.8,5,20113
0.8,5,20114
0.8,5,20129
0.7999999999999999,5,20130
0.7999999999999999,5,20206
0.8,5,20207
0.8,5,20208
0.7999999999999999,5,20284
3.946666666666715,5,20290
0.7999999999999999,5,20293
1.8500000000003638,5,23295
44.10000000000218,5,23297
0.800000000000416,5,23342
1.3599999999995636,5,23364
0.8000000000000002,5,23365
0.7999999999999999,5,23366
0.8,5,23367
0.8,5,23368
0.8000000000002153,5,23380
0.8,5,23390
2.25,5,23412
3.3428571428578704,5,23415
2.971428571427428,5,23418
3.233333333333576,5,23421
1.500000000001819,5,23425
0.8,5,23428
1.7000000000007276,5,23433
0.8000000000000003,5,23439
0.7999999999999999,5,23589
0.8,5,23597
0.8,5,23599
0.8864864864864868,5,23601
0.8000000000000003,5,23603
3.0436090225565833,5,23604
0.8000000000000002,5,23639
0.7999999999999999,5,23651
0.7999999999999999,5,23663
1.847422680412432,5,23664
0.7999999999999999,5,23675
1.6695652173915574,5,23676
1.7200000000000366,5,23689
2.937500000000341,5,23702
1.800000000000052,5,23719
0.8,5,23737
1.7882352941179467,5,23738
1.500000000000136,5,23751
2.4738461538461096,5,23768
2.5687500000001005,5,23830
0.7999999999999993,5,23832
0.8000000000005458,5,23833
0.8000000000002588,5,23834
0.8000000000000004,5,23835
2.5857142857145328,5,23836
18.90109890109898,5,24173
0.7999999999999999,5,24315
1.436734693877699,5,24316
1.035294117646888,5,24334
1.7333333333336973,5,24351
1.7066666666669579,5,24369
2.376470588235295,5,24382
1.300000000000364,5,24398
0.8000000000000003,5,24415
0.8,5,24416
1.1246376811595247,5,24417
0.8,5,24434
0.8,5,24435
1.292307692307972,5,24436
0.8,5,24454
1.109090909091272,5,24455
1.3250000000002045,5,24472
4.053333333333285,5,24783
0.8000000000000002,5,24784
3.2000000000001867,5,25031
11.413333333333261,5,25189
0.8470588235296688,5,25301
0.7999999999999999,5,25302
10.16000000000131,5,25304
0.7999999999999999,5,25305
2.5142857142859563,5,25307
0.8000000000000002,5,25308
0.9333333333330908,5,25310
0.8,5,25311
2.266666666666424,5,25313
0.8000000000000002,5,25314
1.5529411764705028,5,25316
0.8888888888894547,5,25319
0.8,5,25320
7.200000000000728,5,25322
0.8,5,25323
